/*Insercion a rol*/
INSERT INTO public.rol(nombre) VALUES ('administrador');
INSERT INTO public.rol(nombre) VALUES ('proyeccionista');
INSERT INTO public.rol(nombre) VALUES ('cajero');

/*Insercion a sucursal*/
INSERT INTO public.sucursal(codigosucursal,nombre,ubicacion,cantidadsalas) VALUES ('4MN','cinetec heredia','mercedes norte',2);
INSERT INTO public.sucursal(codigosucursal,nombre,ubicacion,cantidadsalas) VALUES ('3OR','cinetec cartago','orosi',2);
INSERT INTO public.sucursal(codigosucursal,nombre,ubicacion,cantidadsalas) VALUES ('1SA','cinetec santa ana','pozos',2);
INSERT INTO public.sucursal(codigosucursal,nombre,ubicacion,cantidadsalas) VALUES ('2AL','cinetec alajuela','san rafael',2);


/*Insercion a empleado*/
INSERT INTO public.empleado(cedulaempleado,nombreempleado1,nombreempleado2,apellidoempleado1,apellidoempleado2,usuario,numerotelefono,fechaingreso,contrasenna,fechanacimiento,codigosucursal) VALUES(12345678,'Huberto ','Gerardo','Mesen',' Gracia','hmesen',86750645,'20191109','qfZr6QzT','19890504','4MN');
INSERT INTO public.empleado(cedulaempleado,nombreempleado1,nombreempleado2,apellidoempleado1,apellidoempleado2,usuario,numerotelefono,fechaingreso,contrasenna,fechanacimiento,codigosucursal) VALUES(19715327,'Sara','Margarita','Arias ','Jiménez','sarias ',89657210,'20210803','Q9kKTu48','19950825','4MN');
INSERT INTO public.empleado(cedulaempleado,nombreempleado1,nombreempleado2,apellidoempleado1,apellidoempleado2,usuario,numerotelefono,fechaingreso,contrasenna,fechanacimiento,codigosucursal) VALUES(51228674,'Ricardo ','Luis','Peralta','Noriega','rperalta',82082079,'20170105','mDZsA63c','19900102','4MN');
INSERT INTO public.empleado(cedulaempleado,nombreempleado1,nombreempleado2,apellidoempleado1,apellidoempleado2,usuario,numerotelefono,fechaingreso,contrasenna,fechanacimiento,codigosucursal) VALUES(19066968,'Jaiden','','Clark','Díaz','jclark',80653499,'20190401','3DKYUvQc','19760320','4MN');
INSERT INTO public.empleado(cedulaempleado,nombreempleado1,nombreempleado2,apellidoempleado1,apellidoempleado2,usuario,numerotelefono,fechaingreso,contrasenna,fechanacimiento,codigosucursal) VALUES(44139118,'Domingo','Alex','Ortega','Mora','dortega',89161137,'20200807','2ECnALwF','19780610','3OR');
INSERT INTO public.empleado(cedulaempleado,nombreempleado1,nombreempleado2,apellidoempleado1,apellidoempleado2,usuario,numerotelefono,fechaingreso,contrasenna,fechanacimiento,codigosucursal) VALUES(44242757,'Marcos','Emilio','Pereira','Crespo','mpereira',83466927,'20191123','7dyEmkne','19790422','3OR');
INSERT INTO public.empleado(cedulaempleado,nombreempleado1,nombreempleado2,apellidoempleado1,apellidoempleado2,usuario,numerotelefono,fechaingreso,contrasenna,fechanacimiento,codigosucursal) VALUES(54329964,'Gregory','David','Pascual','Lemus','gpascual',80819725,'20200812','e85FnxQK','19741218','3OR');
INSERT INTO public.empleado(cedulaempleado,nombreempleado1,nombreempleado2,apellidoempleado1,apellidoempleado2,usuario,numerotelefono,fechaingreso,contrasenna,fechanacimiento,codigosucursal) VALUES(13640259,'Alfredo','Miguel','Prieto','Peña','aprieto',87928270,'20191007','Y37xDS2F','19711031','3OR');
INSERT INTO public.empleado(cedulaempleado,nombreempleado1,nombreempleado2,apellidoempleado1,apellidoempleado2,usuario,numerotelefono,fechaingreso,contrasenna,fechanacimiento,codigosucursal) VALUES(29027538,'Mariano','Julio','Morales','Domínguez','mmorales',87753160,'20201108','K2PuaCeQ','19840304','1SA');
INSERT INTO public.empleado(cedulaempleado,nombreempleado1,nombreempleado2,apellidoempleado1,apellidoempleado2,usuario,numerotelefono,fechaingreso,contrasenna,fechanacimiento,codigosucursal) VALUES(76141772,'Tobías','Gerardo','Jiménez','Ortiz','tjiménez',84344855,'20210106','W5dhbcKt','19710222','1SA');
INSERT INTO public.empleado(cedulaempleado,nombreempleado1,nombreempleado2,apellidoempleado1,apellidoempleado2,usuario,numerotelefono,fechaingreso,contrasenna,fechanacimiento,codigosucursal) VALUES(51267337,'Jonás','Samuel','Guerrero','Cambil','jguerrero',85807187,'20200901','mpGAzLd9','19800710','1SA');
INSERT INTO public.empleado(cedulaempleado,nombreempleado1,nombreempleado2,apellidoempleado1,apellidoempleado2,usuario,numerotelefono,fechaingreso,contrasenna,fechanacimiento,codigosucursal) VALUES(37027877,'Fidel','Celso','Martín','Suárez','fmartín',81166031,'20200305','cfK6wEbq','19760513','1SA');
INSERT INTO public.empleado(cedulaempleado,nombreempleado1,nombreempleado2,apellidoempleado1,apellidoempleado2,usuario,numerotelefono,fechaingreso,contrasenna,fechanacimiento,codigosucursal) VALUES(37482113,'Efrén','Ángel','Parra','Ferrer','eparra',86798431,'20180830','HN2a6UvD','19840811','2AL');
INSERT INTO public.empleado(cedulaempleado,nombreempleado1,nombreempleado2,apellidoempleado1,apellidoempleado2,usuario,numerotelefono,fechaingreso,contrasenna,fechanacimiento,codigosucursal) VALUES(58579256,'Laura','Cándida','Caballero','Santiago','lcaballero',83857757,'20191114','KH3uNevM','19660210','2AL');
INSERT INTO public.empleado(cedulaempleado,nombreempleado1,nombreempleado2,apellidoempleado1,apellidoempleado2,usuario,numerotelefono,fechaingreso,contrasenna,fechanacimiento,codigosucursal) VALUES(48749976,'Feliciano','Ramiro','Blanco','Muñoz','fblanco',83756234,'20200506','ArvHs7qV','19790717','2AL');
INSERT INTO public.empleado(cedulaempleado,nombreempleado1,nombreempleado2,apellidoempleado1,apellidoempleado2,usuario,numerotelefono,fechaingreso,contrasenna,fechanacimiento,codigosucursal) VALUES(12641227,'Rosalia','Inmaculada','Bravo','Ibáñez','rbravo',80320105,'20190108','f6KG7kue','19851220','2AL');
INSERT INTO public.empleado(cedulaempleado,nombreempleado1,nombreempleado2,apellidoempleado1,apellidoempleado2,usuario,numerotelefono,fechaingreso,contrasenna,fechanacimiento,codigosucursal) VALUES(86239495,'Gabriel','Arturo','Ramírez','Santos','gramírez',85341408,'20180110','tpvWSK5Q','19801228','4MN');
INSERT INTO public.empleado(cedulaempleado,nombreempleado1,nombreempleado2,apellidoempleado1,apellidoempleado2,usuario,numerotelefono,fechaingreso,contrasenna,fechanacimiento,codigosucursal) VALUES(36709214,'Noelia','Rebeca','Sánchez','Méndez','nsánchez',86287889,'20210507','uNq83D9g','19730819','3OR');
INSERT INTO public.empleado(cedulaempleado,nombreempleado1,nombreempleado2,apellidoempleado1,apellidoempleado2,usuario,numerotelefono,fechaingreso,contrasenna,fechanacimiento,codigosucursal) VALUES(21986376,'Ariana','Noelia','Rey','Velasco','arey',84846892,'20210514','RVzNJX2E','19841126','1SA');
INSERT INTO public.empleado(cedulaempleado,nombreempleado1,nombreempleado2,apellidoempleado1,apellidoempleado2,usuario,numerotelefono,fechaingreso,contrasenna,fechanacimiento,codigosucursal) VALUES(21586376,'Marta','Almudena','Carmona','Gutiérrez','mcarmona',85818007,'20210614','TnN7xEuX','19740305','2AL');

/*Insercion a rolxempleado*/
INSERT INTO public.rolxempleado(nombre,cedulaempleado) VALUES('administrador',12345678);
INSERT INTO public.rolxempleado(nombre,cedulaempleado) VALUES('proyeccionista',19715327);
INSERT INTO public.rolxempleado(nombre,cedulaempleado) VALUES('cajero',51228674);
INSERT INTO public.rolxempleado(nombre,cedulaempleado) VALUES('proyeccionista',19066968);
INSERT INTO public.rolxempleado(nombre,cedulaempleado) VALUES('administrador',44139118);
INSERT INTO public.rolxempleado(nombre,cedulaempleado) VALUES('proyeccionista',44242757);
INSERT INTO public.rolxempleado(nombre,cedulaempleado) VALUES('cajero',54329964);
INSERT INTO public.rolxempleado(nombre,cedulaempleado) VALUES('proyeccionista',13640259);
INSERT INTO public.rolxempleado(nombre,cedulaempleado) VALUES('administrador',29027538);
INSERT INTO public.rolxempleado(nombre,cedulaempleado) VALUES('proyeccionista',76141772);
INSERT INTO public.rolxempleado(nombre,cedulaempleado) VALUES('cajero',51267337);
INSERT INTO public.rolxempleado(nombre,cedulaempleado) VALUES('proyeccionista',37027877);
INSERT INTO public.rolxempleado(nombre,cedulaempleado) VALUES('administrador',37482113);
INSERT INTO public.rolxempleado(nombre,cedulaempleado) VALUES('proyeccionista',58579256);
INSERT INTO public.rolxempleado(nombre,cedulaempleado) VALUES('cajero',48749976);
INSERT INTO public.rolxempleado(nombre,cedulaempleado) VALUES('proyeccionista',12641227);
INSERT INTO public.rolxempleado(nombre,cedulaempleado) VALUES('cajero',86239495);
INSERT INTO public.rolxempleado(nombre,cedulaempleado) VALUES('cajero',36709214);
INSERT INTO public.rolxempleado(nombre,cedulaempleado) VALUES('cajero',21986376);
INSERT INTO public.rolxempleado(nombre,cedulaempleado) VALUES('cajero',21586376);


/*Insercion a cliente*/
INSERT INTO public.cliente(cedulacliente,nombrecliente1,nombrecliente2,apellidocliente1,apellidocliente2,fechanacimiento,numerotelefono,usuario,contrasenna) VALUES(43908822,'Jose','Alexander','Bogantes','Jimenez','19591119',82564812,'jbogantes1119','tdrkf51');
INSERT INTO public.cliente(cedulacliente,nombrecliente1,nombrecliente2,apellidocliente1,apellidocliente2,fechanacimiento,numerotelefono,usuario,contrasenna) VALUES(57736901,'Fransisco','Alberto','Morales','Brenes','19671204',84168745,'fmorales1204','cfjjg5132');
INSERT INTO public.cliente(cedulacliente,nombrecliente1,nombrecliente2,apellidocliente1,apellidocliente2,fechanacimiento,numerotelefono,usuario,contrasenna) VALUES(36619762,'Ana','Cecilia','Pacheco','Chaves','19680112',84615479,'achaves0112','cfy51awe');
INSERT INTO public.cliente(cedulacliente,nombrecliente1,nombrecliente2,apellidocliente1,apellidocliente2,fechanacimiento,numerotelefono,usuario,contrasenna) VALUES(22136639,'Erica','Gabriela','Miranda','Gamboa','19941018',68418756,'emiranda1018','ktfu35');

/*Insercion a pelicula*/
INSERT INTO public.pelicula(peliid,nombreogpelicula,nombre,duracion,imagen,preciocidoro,precioninos,precioadulto,cedulaempleado) VALUES('ijh007','No Time to Die','Sin Tiempo para Morir',163,'https://i.imgur.com/JlRyGcz.jpg',2500,2500,3200,12345678);
INSERT INTO public.pelicula(peliid,nombreogpelicula,nombre,duracion,imagen,preciocidoro,precioninos,precioadulto,cedulaempleado) VALUES('mcu789','Shang-Chi y la leyenda de los Diez Anillos','Shang-Chi ',172,'https://i.imgur.com/JlRyGcz.jpg',2500,2500,3200,12345678);
INSERT INTO public.pelicula(peliid,nombreogpelicula,nombre,duracion,imagen,preciocidoro,precioninos,precioadulto,cedulaempleado) VALUES('xhd962','Coda: Señales del corazón','Coda: Señales del corazón',111,'https://i.imgur.com/JlRyGcz.jpg',2500,2500,3200,12345678);

/*Insercion a peliculaxsucursal*/
INSERT INTO public.peliculaxsucursal(peliid,codigosucursal) VALUES('ijh007','4MN');
INSERT INTO public.peliculaxsucursal(peliid,codigosucursal) VALUES('mcu789','4MN');
INSERT INTO public.peliculaxsucursal(peliid,codigosucursal) VALUES('xhd962','4MN');
INSERT INTO public.peliculaxsucursal(peliid,codigosucursal) VALUES('ijh007','3OR');
INSERT INTO public.peliculaxsucursal(peliid,codigosucursal) VALUES('mcu789','3OR');
INSERT INTO public.peliculaxsucursal(peliid,codigosucursal) VALUES('xhd962','3OR');
INSERT INTO public.peliculaxsucursal(peliid,codigosucursal) VALUES('ijh007','1SA');
INSERT INTO public.peliculaxsucursal(peliid,codigosucursal) VALUES('mcu789','1SA');
INSERT INTO public.peliculaxsucursal(peliid,codigosucursal) VALUES('xhd962','1SA');
INSERT INTO public.peliculaxsucursal(peliid,codigosucursal) VALUES('ijh007','2AL');
INSERT INTO public.peliculaxsucursal(peliid,codigosucursal) VALUES('mcu789','2AL');
INSERT INTO public.peliculaxsucursal(peliid,codigosucursal) VALUES('xhd962','2AL');


/*Insercion a clasificacion*/
INSERT INTO public.clasificacion(peliid,descripcion ) VALUES('ijh007','M12');
INSERT INTO public.clasificacion(peliid,descripcion ) VALUES('mcu789','TPA');
INSERT INTO public.clasificacion(peliid,descripcion ) VALUES('xhd962','M12');


/*Insercion a director*/
INSERT INTO public.director(peliid,nombredirector) VALUES('ijh007','Cary Joji Fukunaga ');
INSERT INTO public.director(peliid,nombredirector) VALUES('xhd962','Sian Hede');
INSERT INTO public.director(peliid,nombredirector) VALUES('mcu789','Destin Daniel Cretton');

/*Insercion a protagonista*/
INSERT INTO public.protagonista(peliid,nombreprotagonista) VALUES('ijh007','Daniel Craig');
INSERT INTO public.protagonista(peliid,nombreprotagonista) VALUES('ijh007','Naomie Harris');
INSERT INTO public.protagonista(peliid,nombreprotagonista) VALUES('ijh007','Rami Malek');
INSERT INTO public.protagonista(peliid,nombreprotagonista) VALUES('mcu789','Simu Liu');
INSERT INTO public.protagonista(peliid,nombreprotagonista) VALUES('mcu789','Awkwafina');
INSERT INTO public.protagonista(peliid,nombreprotagonista) VALUES('mcu789','Benedict Wong');
INSERT INTO public.protagonista(peliid,nombreprotagonista) VALUES('mcu789','Michelle Yeo');
INSERT INTO public.protagonista(peliid,nombreprotagonista) VALUES('xhd962','Eugenio Derbez');
INSERT INTO public.protagonista(peliid,nombreprotagonista) VALUES('xhd962','Marlee Matli');
INSERT INTO public.protagonista(peliid,nombreprotagonista) VALUES('xhd962','Emilia Jones');
INSERT INTO public.protagonista(peliid,nombreprotagonista) VALUES('xhd962','Daniel Duran');

/*Insercion a sala*/
INSERT INTO sala(salaid,columna,fila,capacidad,codigosucursal) VALUES('salH001',15,9,100,'4MN');
INSERT INTO sala(salaid,columna,fila,capacidad,codigosucursal) VALUES('salH002',15,9,100,'4MN');
INSERT INTO sala(salaid,columna,fila,capacidad,codigosucursal) VALUES('salC001',15,9,100,'3OR');
INSERT INTO sala(salaid,columna,fila,capacidad,codigosucursal) VALUES('salC002',15,9,100,'3OR');
INSERT INTO sala(salaid,columna,fila,capacidad,codigosucursal) VALUES('salSJ001',15,9,100,'1SA');
INSERT INTO sala(salaid,columna,fila,capacidad,codigosucursal) VALUES('salSJ002',15,9,100,'1SA');
INSERT INTO sala(salaid,columna,fila,capacidad,codigosucursal) VALUES('salAL001',15,9,100,'2AL');
INSERT INTO sala(salaid,columna,fila,capacidad,codigosucursal) VALUES('salAL002',15,9,100,'2AL');



/*Insercion a funcion*/
INSERT INTO public.funcion(salaid,peliid,hora,funcionid) VALUES('salH001','ijh007','2021-10-24 17:20:00','24105pmHs1');
INSERT INTO public.funcion(salaid,peliid,hora,funcionid) VALUES('salC001','ijh007','2021-10-24 17:20:00','24105pmCs1');
INSERT INTO public.funcion(salaid,peliid,hora,funcionid) VALUES('salSJ001','ijh007','2021-10-24 17:20:00','24105pmSs1');
INSERT INTO public.funcion(salaid,peliid,hora,funcionid) VALUES('salAL001','ijh007','2021-10-24 17:20:00','24105pmAs1');
INSERT INTO public.funcion(salaid,peliid,hora,funcionid) VALUES('salH001','mcu789','2021-10-24 13:20:00','2410120pmHs1');
INSERT INTO public.funcion(salaid,peliid,hora,funcionid) VALUES('salC001','mcu789','2021-10-24 13:20:00','2410120pmCs1');
INSERT INTO public.funcion(salaid,peliid,hora,funcionid) VALUES('salSJ001','mcu789','2021-10-24 13:20:00','2410120pmSs1');
INSERT INTO public.funcion(salaid,peliid,hora,funcionid) VALUES('salAL001','mcu789','2021-10-24 13:20:00','2410120pmAs1');
INSERT INTO public.funcion(salaid,peliid,hora,funcionid) VALUES('salH001','xhd962','2021-10-24 11:20:00','24101120amHs1');
INSERT INTO public.funcion(salaid,peliid,hora,funcionid) VALUES('salC001','xhd962','2021-10-24 11:20:00','24101120amCs1');
INSERT INTO public.funcion(salaid,peliid,hora,funcionid) VALUES('salSJ001','xhd962','2021-10-24 11:20:00','24101120amSs1');
INSERT INTO public.funcion(salaid,peliid,hora,funcionid) VALUES('salAL001','xhd962','2021-10-24 11:20:00','24101120amAs1');
INSERT INTO public.funcion(salaid,peliid,hora,funcionid) VALUES('salH002','ijh007','2021-10-24 17:20:00','24105pmHs2');
INSERT INTO public.funcion(salaid,peliid,hora,funcionid) VALUES('salC002','ijh007','2021-10-24 17:20:00','24105pmCs2');
INSERT INTO public.funcion(salaid,peliid,hora,funcionid) VALUES('salSJ002','ijh007','2021-10-24 17:20:00','24105pmSs2');
INSERT INTO public.funcion(salaid,peliid,hora,funcionid) VALUES('salAL002','ijh007','2021-10-24 17:20:00','24105pmAs2');
INSERT INTO public.funcion(salaid,peliid,hora,funcionid) VALUES('salH002','mcu789','2021-10-24 13:20:00','2410120pmHs2');
INSERT INTO public.funcion(salaid,peliid,hora,funcionid) VALUES('salC002','mcu789','2021-10-24 13:20:00','2410120pmCs2');
INSERT INTO public.funcion(salaid,peliid,hora,funcionid) VALUES('salSJ002','mcu789','2021-10-24 13:20:00','2410120pmSs2');
INSERT INTO public.funcion(salaid,peliid,hora,funcionid) VALUES('salAL002','mcu789','2021-10-24 13:20:00','2410120pmAs2');
INSERT INTO public.funcion(salaid,peliid,hora,funcionid) VALUES('salH002','xhd962','2021-10-24 11:20:00','24101120amHs2');
INSERT INTO public.funcion(salaid,peliid,hora,funcionid) VALUES('salC002','xhd962','2021-10-24 11:20:00','24101120amCs2');
INSERT INTO public.funcion(salaid,peliid,hora,funcionid) VALUES('salSJ002','xhd962','2021-10-24 11:20:00','24101120amSs2');
INSERT INTO public.funcion(salaid,peliid,hora,funcionid) VALUES('salAL002','xhd962','2021-10-24 11:20:00','24101120amAs2');
INSERT INTO public.funcion(salaid,peliid,hora,funcionid) VALUES('salH001','ijh007','2021-10-25 17:20:00','25105pmHs1');
INSERT INTO public.funcion(salaid,peliid,hora,funcionid) VALUES('salC001','ijh007','2021-10-25 17:20:01','25105pmCs1');
INSERT INTO public.funcion(salaid,peliid,hora,funcionid) VALUES('salSJ001','ijh007','2021-10-25 17:20:02','25105pmSs1');
INSERT INTO public.funcion(salaid,peliid,hora,funcionid) VALUES('salAL001','ijh007','2021-10-25 17:20:03','25105pmAs1');
INSERT INTO public.funcion(salaid,peliid,hora,funcionid) VALUES('salH001','mcu789','2021-10-25 17:20:04','2510120pmHs1');
INSERT INTO public.funcion(salaid,peliid,hora,funcionid) VALUES('salC001','mcu789','2021-10-25 17:20:05','2510120pmCs1');
INSERT INTO public.funcion(salaid,peliid,hora,funcionid) VALUES('salSJ001','mcu789','2021-10-25 13:20:00','2510120pmSs1');
INSERT INTO public.funcion(salaid,peliid,hora,funcionid) VALUES('salAL001','mcu789','2021-10-25 13:20:00','2510120pmAs1');
INSERT INTO public.funcion(salaid,peliid,hora,funcionid) VALUES('salH001','xhd962','2021-10-25 11:20:00','25101120amHs1');
INSERT INTO public.funcion(salaid,peliid,hora,funcionid) VALUES('salC001','xhd962','2021-10-25 11:20:00','25101120amCs1');
INSERT INTO public.funcion(salaid,peliid,hora,funcionid) VALUES('salSJ001','xhd962','2021-10-25 11:20:00','25101120amSs1');
INSERT INTO public.funcion(salaid,peliid,hora,funcionid) VALUES('salAL001','xhd962','2021-10-25 11:20:00','25101120amAs1');
INSERT INTO public.funcion(salaid,peliid,hora,funcionid) VALUES('salH002','ijh007','2021-10-25 17:20:00','25105pmHs2');
INSERT INTO public.funcion(salaid,peliid,hora,funcionid) VALUES('salC002','ijh007','2021-10-25 17:20:00','25105pmCs2');
INSERT INTO public.funcion(salaid,peliid,hora,funcionid) VALUES('salSJ002','ijh007','2021-10-25 17:20:00','25105pmSs2');
INSERT INTO public.funcion(salaid,peliid,hora,funcionid) VALUES('salAL002','ijh007','2021-10-25 17:20:00','25105pmAs2');
INSERT INTO public.funcion(salaid,peliid,hora,funcionid) VALUES('salH002','mcu789','2021-10-25 13:20:00','2510120pmHs2');
INSERT INTO public.funcion(salaid,peliid,hora,funcionid) VALUES('salC002','mcu789','2021-10-25 13:20:00','2510120pmCs2');
INSERT INTO public.funcion(salaid,peliid,hora,funcionid) VALUES('salSJ002','mcu789','2021-10-25 13:20:00','2510120pmSs2');
INSERT INTO public.funcion(salaid,peliid,hora,funcionid) VALUES('salAL002','mcu789','2021-10-25 13:20:00','2510120pmAs2');
INSERT INTO public.funcion(salaid,peliid,hora,funcionid) VALUES('salH002','xhd962','2021-10-25 11:20:00','25101120amHs2');
INSERT INTO public.funcion(salaid,peliid,hora,funcionid) VALUES('salC002','xhd962','2021-10-25 11:20:00','25101120amCs2');
INSERT INTO public.funcion(salaid,peliid,hora,funcionid) VALUES('salSJ002','xhd962','2021-10-25 11:20:00','25101120amSs2');
INSERT INTO public.funcion(salaid,peliid,hora,funcionid) VALUES('salAL002','xhd962','2021-10-25 11:20:00','25101120amAs2');



/*Insercion a butaca*/
INSERT INTO public.butaca(salaid,numerodeasiento,codigosucursal) VALUES('salH001','1','4MN');
INSERT INTO public.butaca(salaid,numerodeasiento,codigosucursal) VALUES('salH001','2','4MN');
INSERT INTO public.butaca(salaid,numerodeasiento,codigosucursal) VALUES('salH001','3','4MN');
INSERT INTO public.butaca(salaid,numerodeasiento,codigosucursal) VALUES('salH001','4','4MN');
INSERT INTO public.butaca(salaid,numerodeasiento,codigosucursal) VALUES('salH001','5','4MN');
INSERT INTO public.butaca(salaid,numerodeasiento,codigosucursal) VALUES('salH001','6','4MN');
INSERT INTO public.butaca(salaid,numerodeasiento,codigosucursal) VALUES('salH001','7','4MN');
INSERT INTO public.butaca(salaid,numerodeasiento,codigosucursal) VALUES('salH001','8','4MN');
INSERT INTO public.butaca(salaid,numerodeasiento,codigosucursal) VALUES('salH001','9','4MN');
INSERT INTO public.butaca(salaid,numerodeasiento,codigosucursal) VALUES('salH001','10','4MN');
INSERT INTO public.butaca(salaid,numerodeasiento,codigosucursal) VALUES('salH001','11','4MN');
INSERT INTO public.butaca(salaid,numerodeasiento,codigosucursal) VALUES('salH001','12','4MN');
INSERT INTO public.butaca(salaid,numerodeasiento,codigosucursal) VALUES('salH001','13','4MN');
INSERT INTO public.butaca(salaid,numerodeasiento,codigosucursal) VALUES('salH001','14','4MN');
INSERT INTO public.butaca(salaid,numerodeasiento,codigosucursal) VALUES('salH001','15','4MN');
INSERT INTO public.butaca(salaid,numerodeasiento,codigosucursal) VALUES('salH001','16','4MN');
INSERT INTO public.butaca(salaid,numerodeasiento,codigosucursal) VALUES('salH001','17','4MN');
INSERT INTO public.butaca(salaid,numerodeasiento,codigosucursal) VALUES('salH001','18','4MN');
INSERT INTO public.butaca(salaid,numerodeasiento,codigosucursal) VALUES('salH001','19','4MN');
INSERT INTO public.butaca(salaid,numerodeasiento,codigosucursal) VALUES('salH001','20','4MN');
INSERT INTO public.butaca(salaid,numerodeasiento,codigosucursal) VALUES('salH001','21','4MN');
INSERT INTO public.butaca(salaid,numerodeasiento,codigosucursal) VALUES('salH001','22','4MN');
INSERT INTO public.butaca(salaid,numerodeasiento,codigosucursal) VALUES('salH001','23','4MN');
INSERT INTO public.butaca(salaid,numerodeasiento,codigosucursal) VALUES('salH001','24','4MN');
INSERT INTO public.butaca(salaid,numerodeasiento,codigosucursal) VALUES('salH001','25','4MN');
INSERT INTO public.butaca(salaid,numerodeasiento,codigosucursal) VALUES('salH001','26','4MN');
INSERT INTO public.butaca(salaid,numerodeasiento,codigosucursal) VALUES('salH001','27','4MN');
INSERT INTO public.butaca(salaid,numerodeasiento,codigosucursal) VALUES('salH001','28','4MN');
INSERT INTO public.butaca(salaid,numerodeasiento,codigosucursal) VALUES('salH001','29','4MN');
INSERT INTO public.butaca(salaid,numerodeasiento,codigosucursal) VALUES('salH001','30','4MN');
INSERT INTO public.butaca(salaid,numerodeasiento,codigosucursal) VALUES('salH001','31','4MN');
INSERT INTO public.butaca(salaid,numerodeasiento,codigosucursal) VALUES('salH001','32','4MN');
INSERT INTO public.butaca(salaid,numerodeasiento,codigosucursal) VALUES('salH001','33','4MN');
INSERT INTO public.butaca(salaid,numerodeasiento,codigosucursal) VALUES('salH001','34','4MN');
INSERT INTO public.butaca(salaid,numerodeasiento,codigosucursal) VALUES('salH001','35','4MN');
INSERT INTO public.butaca(salaid,numerodeasiento,codigosucursal) VALUES('salH001','36','4MN');
INSERT INTO public.butaca(salaid,numerodeasiento,codigosucursal) VALUES('salH001','37','4MN');
INSERT INTO public.butaca(salaid,numerodeasiento,codigosucursal) VALUES('salH001','38','4MN');
INSERT INTO public.butaca(salaid,numerodeasiento,codigosucursal) VALUES('salH001','39','4MN');
INSERT INTO public.butaca(salaid,numerodeasiento,codigosucursal) VALUES('salH001','40','4MN');
INSERT INTO public.butaca(salaid,numerodeasiento,codigosucursal) VALUES('salH001','41','4MN');
INSERT INTO public.butaca(salaid,numerodeasiento,codigosucursal) VALUES('salH001','42','4MN');
INSERT INTO public.butaca(salaid,numerodeasiento,codigosucursal) VALUES('salH001','43','4MN');
INSERT INTO public.butaca(salaid,numerodeasiento,codigosucursal) VALUES('salH001','44','4MN');
INSERT INTO public.butaca(salaid,numerodeasiento,codigosucursal) VALUES('salH001','45','4MN');
INSERT INTO public.butaca(salaid,numerodeasiento,codigosucursal) VALUES('salH001','46','4MN');
INSERT INTO public.butaca(salaid,numerodeasiento,codigosucursal) VALUES('salH001','47','4MN');
INSERT INTO public.butaca(salaid,numerodeasiento,codigosucursal) VALUES('salH001','48','4MN');
INSERT INTO public.butaca(salaid,numerodeasiento,codigosucursal) VALUES('salH001','49','4MN');
INSERT INTO public.butaca(salaid,numerodeasiento,codigosucursal) VALUES('salH001','50','4MN');
INSERT INTO public.butaca(salaid,numerodeasiento,codigosucursal) VALUES('salH001','51','4MN');
INSERT INTO public.butaca(salaid,numerodeasiento,codigosucursal) VALUES('salH001','52','4MN');
INSERT INTO public.butaca(salaid,numerodeasiento,codigosucursal) VALUES('salH001','53','4MN');
INSERT INTO public.butaca(salaid,numerodeasiento,codigosucursal) VALUES('salH001','54','4MN');
INSERT INTO public.butaca(salaid,numerodeasiento,codigosucursal) VALUES('salH001','55','4MN');
INSERT INTO public.butaca(salaid,numerodeasiento,codigosucursal) VALUES('salH001','56','4MN');
INSERT INTO public.butaca(salaid,numerodeasiento,codigosucursal) VALUES('salH001','57','4MN');
INSERT INTO public.butaca(salaid,numerodeasiento,codigosucursal) VALUES('salH001','58','4MN');
INSERT INTO public.butaca(salaid,numerodeasiento,codigosucursal) VALUES('salH001','59','4MN');
INSERT INTO public.butaca(salaid,numerodeasiento,codigosucursal) VALUES('salH001','60','4MN');
INSERT INTO public.butaca(salaid,numerodeasiento,codigosucursal) VALUES('salH001','61','4MN');
INSERT INTO public.butaca(salaid,numerodeasiento,codigosucursal) VALUES('salH001','62','4MN');
INSERT INTO public.butaca(salaid,numerodeasiento,codigosucursal) VALUES('salH001','63','4MN');
INSERT INTO public.butaca(salaid,numerodeasiento,codigosucursal) VALUES('salH001','64','4MN');
INSERT INTO public.butaca(salaid,numerodeasiento,codigosucursal) VALUES('salH001','65','4MN');
INSERT INTO public.butaca(salaid,numerodeasiento,codigosucursal) VALUES('salH001','66','4MN');
INSERT INTO public.butaca(salaid,numerodeasiento,codigosucursal) VALUES('salH001','67','4MN');
INSERT INTO public.butaca(salaid,numerodeasiento,codigosucursal) VALUES('salH001','68','4MN');
INSERT INTO public.butaca(salaid,numerodeasiento,codigosucursal) VALUES('salH001','69','4MN');
INSERT INTO public.butaca(salaid,numerodeasiento,codigosucursal) VALUES('salH001','70','4MN');
INSERT INTO public.butaca(salaid,numerodeasiento,codigosucursal) VALUES('salH001','71','4MN');
INSERT INTO public.butaca(salaid,numerodeasiento,codigosucursal) VALUES('salH001','72','4MN');
INSERT INTO public.butaca(salaid,numerodeasiento,codigosucursal) VALUES('salH001','73','4MN');
INSERT INTO public.butaca(salaid,numerodeasiento,codigosucursal) VALUES('salH001','74','4MN');
INSERT INTO public.butaca(salaid,numerodeasiento,codigosucursal) VALUES('salH001','75','4MN');
INSERT INTO public.butaca(salaid,numerodeasiento,codigosucursal) VALUES('salH001','76','4MN');
INSERT INTO public.butaca(salaid,numerodeasiento,codigosucursal) VALUES('salH001','77','4MN');
INSERT INTO public.butaca(salaid,numerodeasiento,codigosucursal) VALUES('salH001','78','4MN');
INSERT INTO public.butaca(salaid,numerodeasiento,codigosucursal) VALUES('salH001','79','4MN');
INSERT INTO public.butaca(salaid,numerodeasiento,codigosucursal) VALUES('salH001','80','4MN');
INSERT INTO public.butaca(salaid,numerodeasiento,codigosucursal) VALUES('salH001','81','4MN');
INSERT INTO public.butaca(salaid,numerodeasiento,codigosucursal) VALUES('salH001','82','4MN');
INSERT INTO public.butaca(salaid,numerodeasiento,codigosucursal) VALUES('salH001','83','4MN');
INSERT INTO public.butaca(salaid,numerodeasiento,codigosucursal) VALUES('salH001','84','4MN');
INSERT INTO public.butaca(salaid,numerodeasiento,codigosucursal) VALUES('salH001','85','4MN');
INSERT INTO public.butaca(salaid,numerodeasiento,codigosucursal) VALUES('salH001','86','4MN');
INSERT INTO public.butaca(salaid,numerodeasiento,codigosucursal) VALUES('salH001','87','4MN');
INSERT INTO public.butaca(salaid,numerodeasiento,codigosucursal) VALUES('salH001','88','4MN');
INSERT INTO public.butaca(salaid,numerodeasiento,codigosucursal) VALUES('salH001','89','4MN');
INSERT INTO public.butaca(salaid,numerodeasiento,codigosucursal) VALUES('salH001','90','4MN');
INSERT INTO public.butaca(salaid,numerodeasiento,codigosucursal) VALUES('salH001','91','4MN');
INSERT INTO public.butaca(salaid,numerodeasiento,codigosucursal) VALUES('salH001','92','4MN');
INSERT INTO public.butaca(salaid,numerodeasiento,codigosucursal) VALUES('salH001','93','4MN');
INSERT INTO public.butaca(salaid,numerodeasiento,codigosucursal) VALUES('salH001','94','4MN');
INSERT INTO public.butaca(salaid,numerodeasiento,codigosucursal) VALUES('salH001','95','4MN');
INSERT INTO public.butaca(salaid,numerodeasiento,codigosucursal) VALUES('salH001','96','4MN');
INSERT INTO public.butaca(salaid,numerodeasiento,codigosucursal) VALUES('salH001','97','4MN');
INSERT INTO public.butaca(salaid,numerodeasiento,codigosucursal) VALUES('salH001','98','4MN');
INSERT INTO public.butaca(salaid,numerodeasiento,codigosucursal) VALUES('salH001','99','4MN');
INSERT INTO public.butaca(salaid,numerodeasiento,codigosucursal) VALUES('salH001','100','4MN');
INSERT INTO public.butaca(salaid,numerodeasiento,codigosucursal) VALUES('salH001','101','4MN');
INSERT INTO public.butaca(salaid,numerodeasiento,codigosucursal) VALUES('salH001','102','4MN');
INSERT INTO public.butaca(salaid,numerodeasiento,codigosucursal) VALUES('salH001','103','4MN');
INSERT INTO public.butaca(salaid,numerodeasiento,codigosucursal) VALUES('salH001','104','4MN');
INSERT INTO public.butaca(salaid,numerodeasiento,codigosucursal) VALUES('salH001','105','4MN');
INSERT INTO public.butaca(salaid,numerodeasiento,codigosucursal) VALUES('salH001','106','4MN');
INSERT INTO public.butaca(salaid,numerodeasiento,codigosucursal) VALUES('salH001','107','4MN');
INSERT INTO public.butaca(salaid,numerodeasiento,codigosucursal) VALUES('salH001','108','4MN');
INSERT INTO public.butaca(salaid,numerodeasiento,codigosucursal) VALUES('salH001','109','4MN');
INSERT INTO public.butaca(salaid,numerodeasiento,codigosucursal) VALUES('salH001','110','4MN');
INSERT INTO public.butaca(salaid,numerodeasiento,codigosucursal) VALUES('salH001','111','4MN');
INSERT INTO public.butaca(salaid,numerodeasiento,codigosucursal) VALUES('salH001','112','4MN');
INSERT INTO public.butaca(salaid,numerodeasiento,codigosucursal) VALUES('salH001','113','4MN');
INSERT INTO public.butaca(salaid,numerodeasiento,codigosucursal) VALUES('salH001','114','4MN');
INSERT INTO public.butaca(salaid,numerodeasiento,codigosucursal) VALUES('salH001','115','4MN');
INSERT INTO public.butaca(salaid,numerodeasiento,codigosucursal) VALUES('salH001','116','4MN');
INSERT INTO public.butaca(salaid,numerodeasiento,codigosucursal) VALUES('salH001','117','4MN');
INSERT INTO public.butaca(salaid,numerodeasiento,codigosucursal) VALUES('salH001','118','4MN');
INSERT INTO public.butaca(salaid,numerodeasiento,codigosucursal) VALUES('salH001','119','4MN');
INSERT INTO public.butaca(salaid,numerodeasiento,codigosucursal) VALUES('salH001','120','4MN');
INSERT INTO public.butaca(salaid,numerodeasiento,codigosucursal) VALUES('salH001','121','4MN');
INSERT INTO public.butaca(salaid,numerodeasiento,codigosucursal) VALUES('salH001','122','4MN');
INSERT INTO public.butaca(salaid,numerodeasiento,codigosucursal) VALUES('salH001','123','4MN');
INSERT INTO public.butaca(salaid,numerodeasiento,codigosucursal) VALUES('salH001','124','4MN');
INSERT INTO public.butaca(salaid,numerodeasiento,codigosucursal) VALUES('salH001','125','4MN');
INSERT INTO public.butaca(salaid,numerodeasiento,codigosucursal) VALUES('salH001','126','4MN');
INSERT INTO public.butaca(salaid,numerodeasiento,codigosucursal) VALUES('salH001','127','4MN');
INSERT INTO public.butaca(salaid,numerodeasiento,codigosucursal) VALUES('salH001','128','4MN');
INSERT INTO public.butaca(salaid,numerodeasiento,codigosucursal) VALUES('salH001','129','4MN');
INSERT INTO public.butaca(salaid,numerodeasiento,codigosucursal) VALUES('salH001','130','4MN');
INSERT INTO public.butaca(salaid,numerodeasiento,codigosucursal) VALUES('salH001','131','4MN');
INSERT INTO public.butaca(salaid,numerodeasiento,codigosucursal) VALUES('salH001','132','4MN');
INSERT INTO public.butaca(salaid,numerodeasiento,codigosucursal) VALUES('salH001','133','4MN');
INSERT INTO public.butaca(salaid,numerodeasiento,codigosucursal) VALUES('salH001','134','4MN');
INSERT INTO public.butaca(salaid,numerodeasiento,codigosucursal) VALUES('salH001','135','4MN');
INSERT INTO public.butaca(salaid,numerodeasiento,codigosucursal) VALUES('salH002','136','4MN');
INSERT INTO public.butaca(salaid,numerodeasiento,codigosucursal) VALUES('salH002','137','4MN');
INSERT INTO public.butaca(salaid,numerodeasiento,codigosucursal) VALUES('salH002','138','4MN');
INSERT INTO public.butaca(salaid,numerodeasiento,codigosucursal) VALUES('salH002','139','4MN');
INSERT INTO public.butaca(salaid,numerodeasiento,codigosucursal) VALUES('salH002','140','4MN');
INSERT INTO public.butaca(salaid,numerodeasiento,codigosucursal) VALUES('salH002','141','4MN');
INSERT INTO public.butaca(salaid,numerodeasiento,codigosucursal) VALUES('salH002','142','4MN');
INSERT INTO public.butaca(salaid,numerodeasiento,codigosucursal) VALUES('salH002','143','4MN');
INSERT INTO public.butaca(salaid,numerodeasiento,codigosucursal) VALUES('salH002','144','4MN');
INSERT INTO public.butaca(salaid,numerodeasiento,codigosucursal) VALUES('salH002','145','4MN');
INSERT INTO public.butaca(salaid,numerodeasiento,codigosucursal) VALUES('salH002','146','4MN');
INSERT INTO public.butaca(salaid,numerodeasiento,codigosucursal) VALUES('salH002','147','4MN');
INSERT INTO public.butaca(salaid,numerodeasiento,codigosucursal) VALUES('salH002','148','4MN');
INSERT INTO public.butaca(salaid,numerodeasiento,codigosucursal) VALUES('salH002','149','4MN');
INSERT INTO public.butaca(salaid,numerodeasiento,codigosucursal) VALUES('salH002','150','4MN');
INSERT INTO public.butaca(salaid,numerodeasiento,codigosucursal) VALUES('salH002','151','4MN');
INSERT INTO public.butaca(salaid,numerodeasiento,codigosucursal) VALUES('salH002','152','4MN');
INSERT INTO public.butaca(salaid,numerodeasiento,codigosucursal) VALUES('salH002','153','4MN');
INSERT INTO public.butaca(salaid,numerodeasiento,codigosucursal) VALUES('salH002','154','4MN');
INSERT INTO public.butaca(salaid,numerodeasiento,codigosucursal) VALUES('salH002','155','4MN');
INSERT INTO public.butaca(salaid,numerodeasiento,codigosucursal) VALUES('salH002','156','4MN');
INSERT INTO public.butaca(salaid,numerodeasiento,codigosucursal) VALUES('salH002','157','4MN');
INSERT INTO public.butaca(salaid,numerodeasiento,codigosucursal) VALUES('salH002','158','4MN');
INSERT INTO public.butaca(salaid,numerodeasiento,codigosucursal) VALUES('salH002','159','4MN');
INSERT INTO public.butaca(salaid,numerodeasiento,codigosucursal) VALUES('salH002','160','4MN');
INSERT INTO public.butaca(salaid,numerodeasiento,codigosucursal) VALUES('salH002','161','4MN');
INSERT INTO public.butaca(salaid,numerodeasiento,codigosucursal) VALUES('salH002','162','4MN');
INSERT INTO public.butaca(salaid,numerodeasiento,codigosucursal) VALUES('salH002','163','4MN');
INSERT INTO public.butaca(salaid,numerodeasiento,codigosucursal) VALUES('salH002','164','4MN');
INSERT INTO public.butaca(salaid,numerodeasiento,codigosucursal) VALUES('salH002','165','4MN');
INSERT INTO public.butaca(salaid,numerodeasiento,codigosucursal) VALUES('salH002','166','4MN');
INSERT INTO public.butaca(salaid,numerodeasiento,codigosucursal) VALUES('salH002','167','4MN');
INSERT INTO public.butaca(salaid,numerodeasiento,codigosucursal) VALUES('salH002','168','4MN');
INSERT INTO public.butaca(salaid,numerodeasiento,codigosucursal) VALUES('salH002','169','4MN');
INSERT INTO public.butaca(salaid,numerodeasiento,codigosucursal) VALUES('salH002','170','4MN');
INSERT INTO public.butaca(salaid,numerodeasiento,codigosucursal) VALUES('salH002','171','4MN');
INSERT INTO public.butaca(salaid,numerodeasiento,codigosucursal) VALUES('salH002','172','4MN');
INSERT INTO public.butaca(salaid,numerodeasiento,codigosucursal) VALUES('salH002','173','4MN');
INSERT INTO public.butaca(salaid,numerodeasiento,codigosucursal) VALUES('salH002','174','4MN');
INSERT INTO public.butaca(salaid,numerodeasiento,codigosucursal) VALUES('salH002','175','4MN');
INSERT INTO public.butaca(salaid,numerodeasiento,codigosucursal) VALUES('salH002','176','4MN');
INSERT INTO public.butaca(salaid,numerodeasiento,codigosucursal) VALUES('salH002','177','4MN');
INSERT INTO public.butaca(salaid,numerodeasiento,codigosucursal) VALUES('salH002','178','4MN');
INSERT INTO public.butaca(salaid,numerodeasiento,codigosucursal) VALUES('salH002','179','4MN');
INSERT INTO public.butaca(salaid,numerodeasiento,codigosucursal) VALUES('salH002','180','4MN');
INSERT INTO public.butaca(salaid,numerodeasiento,codigosucursal) VALUES('salH002','181','4MN');
INSERT INTO public.butaca(salaid,numerodeasiento,codigosucursal) VALUES('salH002','182','4MN');
INSERT INTO public.butaca(salaid,numerodeasiento,codigosucursal) VALUES('salH002','183','4MN');
INSERT INTO public.butaca(salaid,numerodeasiento,codigosucursal) VALUES('salH002','184','4MN');
INSERT INTO public.butaca(salaid,numerodeasiento,codigosucursal) VALUES('salH002','185','4MN');
INSERT INTO public.butaca(salaid,numerodeasiento,codigosucursal) VALUES('salH002','186','4MN');
INSERT INTO public.butaca(salaid,numerodeasiento,codigosucursal) VALUES('salH002','187','4MN');
INSERT INTO public.butaca(salaid,numerodeasiento,codigosucursal) VALUES('salH002','188','4MN');
INSERT INTO public.butaca(salaid,numerodeasiento,codigosucursal) VALUES('salH002','189','4MN');
INSERT INTO public.butaca(salaid,numerodeasiento,codigosucursal) VALUES('salH002','190','4MN');
INSERT INTO public.butaca(salaid,numerodeasiento,codigosucursal) VALUES('salH002','191','4MN');
INSERT INTO public.butaca(salaid,numerodeasiento,codigosucursal) VALUES('salH002','192','4MN');
INSERT INTO public.butaca(salaid,numerodeasiento,codigosucursal) VALUES('salH002','193','4MN');
INSERT INTO public.butaca(salaid,numerodeasiento,codigosucursal) VALUES('salH002','194','4MN');
INSERT INTO public.butaca(salaid,numerodeasiento,codigosucursal) VALUES('salH002','195','4MN');
INSERT INTO public.butaca(salaid,numerodeasiento,codigosucursal) VALUES('salH002','196','4MN');
INSERT INTO public.butaca(salaid,numerodeasiento,codigosucursal) VALUES('salH002','197','4MN');
INSERT INTO public.butaca(salaid,numerodeasiento,codigosucursal) VALUES('salH002','198','4MN');
INSERT INTO public.butaca(salaid,numerodeasiento,codigosucursal) VALUES('salH002','199','4MN');
INSERT INTO public.butaca(salaid,numerodeasiento,codigosucursal) VALUES('salH002','200','4MN');
INSERT INTO public.butaca(salaid,numerodeasiento,codigosucursal) VALUES('salH002','201','4MN');
INSERT INTO public.butaca(salaid,numerodeasiento,codigosucursal) VALUES('salH002','202','4MN');
INSERT INTO public.butaca(salaid,numerodeasiento,codigosucursal) VALUES('salH002','203','4MN');
INSERT INTO public.butaca(salaid,numerodeasiento,codigosucursal) VALUES('salH002','204','4MN');
INSERT INTO public.butaca(salaid,numerodeasiento,codigosucursal) VALUES('salH002','205','4MN');
INSERT INTO public.butaca(salaid,numerodeasiento,codigosucursal) VALUES('salH002','206','4MN');
INSERT INTO public.butaca(salaid,numerodeasiento,codigosucursal) VALUES('salH002','207','4MN');
INSERT INTO public.butaca(salaid,numerodeasiento,codigosucursal) VALUES('salH002','208','4MN');
INSERT INTO public.butaca(salaid,numerodeasiento,codigosucursal) VALUES('salH002','209','4MN');
INSERT INTO public.butaca(salaid,numerodeasiento,codigosucursal) VALUES('salH002','210','4MN');
INSERT INTO public.butaca(salaid,numerodeasiento,codigosucursal) VALUES('salH002','211','4MN');
INSERT INTO public.butaca(salaid,numerodeasiento,codigosucursal) VALUES('salH002','212','4MN');
INSERT INTO public.butaca(salaid,numerodeasiento,codigosucursal) VALUES('salH002','213','4MN');
INSERT INTO public.butaca(salaid,numerodeasiento,codigosucursal) VALUES('salH002','214','4MN');
INSERT INTO public.butaca(salaid,numerodeasiento,codigosucursal) VALUES('salH002','215','4MN');
INSERT INTO public.butaca(salaid,numerodeasiento,codigosucursal) VALUES('salH002','216','4MN');
INSERT INTO public.butaca(salaid,numerodeasiento,codigosucursal) VALUES('salH002','217','4MN');
INSERT INTO public.butaca(salaid,numerodeasiento,codigosucursal) VALUES('salH002','218','4MN');
INSERT INTO public.butaca(salaid,numerodeasiento,codigosucursal) VALUES('salH002','219','4MN');
INSERT INTO public.butaca(salaid,numerodeasiento,codigosucursal) VALUES('salH002','220','4MN');
INSERT INTO public.butaca(salaid,numerodeasiento,codigosucursal) VALUES('salH002','221','4MN');
INSERT INTO public.butaca(salaid,numerodeasiento,codigosucursal) VALUES('salH002','222','4MN');
INSERT INTO public.butaca(salaid,numerodeasiento,codigosucursal) VALUES('salH002','223','4MN');
INSERT INTO public.butaca(salaid,numerodeasiento,codigosucursal) VALUES('salH002','224','4MN');
INSERT INTO public.butaca(salaid,numerodeasiento,codigosucursal) VALUES('salH002','225','4MN');
INSERT INTO public.butaca(salaid,numerodeasiento,codigosucursal) VALUES('salH002','226','4MN');
INSERT INTO public.butaca(salaid,numerodeasiento,codigosucursal) VALUES('salH002','227','4MN');
INSERT INTO public.butaca(salaid,numerodeasiento,codigosucursal) VALUES('salH002','228','4MN');
INSERT INTO public.butaca(salaid,numerodeasiento,codigosucursal) VALUES('salH002','229','4MN');
INSERT INTO public.butaca(salaid,numerodeasiento,codigosucursal) VALUES('salH002','230','4MN');
INSERT INTO public.butaca(salaid,numerodeasiento,codigosucursal) VALUES('salH002','231','4MN');
INSERT INTO public.butaca(salaid,numerodeasiento,codigosucursal) VALUES('salH002','232','4MN');
INSERT INTO public.butaca(salaid,numerodeasiento,codigosucursal) VALUES('salH002','233','4MN');
INSERT INTO public.butaca(salaid,numerodeasiento,codigosucursal) VALUES('salH002','234','4MN');
INSERT INTO public.butaca(salaid,numerodeasiento,codigosucursal) VALUES('salH002','235','4MN');
INSERT INTO public.butaca(salaid,numerodeasiento,codigosucursal) VALUES('salH002','236','4MN');
INSERT INTO public.butaca(salaid,numerodeasiento,codigosucursal) VALUES('salH002','237','4MN');
INSERT INTO public.butaca(salaid,numerodeasiento,codigosucursal) VALUES('salH002','238','4MN');
INSERT INTO public.butaca(salaid,numerodeasiento,codigosucursal) VALUES('salH002','239','4MN');
INSERT INTO public.butaca(salaid,numerodeasiento,codigosucursal) VALUES('salH002','240','4MN');
INSERT INTO public.butaca(salaid,numerodeasiento,codigosucursal) VALUES('salH002','241','4MN');
INSERT INTO public.butaca(salaid,numerodeasiento,codigosucursal) VALUES('salH002','242','4MN');
INSERT INTO public.butaca(salaid,numerodeasiento,codigosucursal) VALUES('salH002','243','4MN');
INSERT INTO public.butaca(salaid,numerodeasiento,codigosucursal) VALUES('salH002','244','4MN');
INSERT INTO public.butaca(salaid,numerodeasiento,codigosucursal) VALUES('salH002','245','4MN');
INSERT INTO public.butaca(salaid,numerodeasiento,codigosucursal) VALUES('salH002','246','4MN');
INSERT INTO public.butaca(salaid,numerodeasiento,codigosucursal) VALUES('salH002','247','4MN');
INSERT INTO public.butaca(salaid,numerodeasiento,codigosucursal) VALUES('salH002','248','4MN');
INSERT INTO public.butaca(salaid,numerodeasiento,codigosucursal) VALUES('salH002','249','4MN');
INSERT INTO public.butaca(salaid,numerodeasiento,codigosucursal) VALUES('salH002','250','4MN');
INSERT INTO public.butaca(salaid,numerodeasiento,codigosucursal) VALUES('salH002','251','4MN');
INSERT INTO public.butaca(salaid,numerodeasiento,codigosucursal) VALUES('salH002','252','4MN');
INSERT INTO public.butaca(salaid,numerodeasiento,codigosucursal) VALUES('salH002','253','4MN');
INSERT INTO public.butaca(salaid,numerodeasiento,codigosucursal) VALUES('salH002','254','4MN');
INSERT INTO public.butaca(salaid,numerodeasiento,codigosucursal) VALUES('salH002','255','4MN');
INSERT INTO public.butaca(salaid,numerodeasiento,codigosucursal) VALUES('salH002','256','4MN');
INSERT INTO public.butaca(salaid,numerodeasiento,codigosucursal) VALUES('salH002','257','4MN');
INSERT INTO public.butaca(salaid,numerodeasiento,codigosucursal) VALUES('salH002','258','4MN');
INSERT INTO public.butaca(salaid,numerodeasiento,codigosucursal) VALUES('salH002','259','4MN');
INSERT INTO public.butaca(salaid,numerodeasiento,codigosucursal) VALUES('salH002','260','4MN');
INSERT INTO public.butaca(salaid,numerodeasiento,codigosucursal) VALUES('salH002','261','4MN');
INSERT INTO public.butaca(salaid,numerodeasiento,codigosucursal) VALUES('salH002','262','4MN');
INSERT INTO public.butaca(salaid,numerodeasiento,codigosucursal) VALUES('salH002','263','4MN');
INSERT INTO public.butaca(salaid,numerodeasiento,codigosucursal) VALUES('salH002','264','4MN');
INSERT INTO public.butaca(salaid,numerodeasiento,codigosucursal) VALUES('salH002','265','4MN');
INSERT INTO public.butaca(salaid,numerodeasiento,codigosucursal) VALUES('salH002','266','4MN');
INSERT INTO public.butaca(salaid,numerodeasiento,codigosucursal) VALUES('salH002','267','4MN');
INSERT INTO public.butaca(salaid,numerodeasiento,codigosucursal) VALUES('salH002','268','4MN');
INSERT INTO public.butaca(salaid,numerodeasiento,codigosucursal) VALUES('salH002','269','4MN');
INSERT INTO public.butaca(salaid,numerodeasiento,codigosucursal) VALUES('salH002','270','4MN');
INSERT INTO public.butaca(salaid,numerodeasiento,codigosucursal) VALUES('salC001','271','3OR');
INSERT INTO public.butaca(salaid,numerodeasiento,codigosucursal) VALUES('salC001','272','3OR');
INSERT INTO public.butaca(salaid,numerodeasiento,codigosucursal) VALUES('salC001','273','3OR');
INSERT INTO public.butaca(salaid,numerodeasiento,codigosucursal) VALUES('salC001','274','3OR');
INSERT INTO public.butaca(salaid,numerodeasiento,codigosucursal) VALUES('salC001','275','3OR');
INSERT INTO public.butaca(salaid,numerodeasiento,codigosucursal) VALUES('salC001','276','3OR');
INSERT INTO public.butaca(salaid,numerodeasiento,codigosucursal) VALUES('salC001','277','3OR');
INSERT INTO public.butaca(salaid,numerodeasiento,codigosucursal) VALUES('salC001','278','3OR');
INSERT INTO public.butaca(salaid,numerodeasiento,codigosucursal) VALUES('salC001','279','3OR');
INSERT INTO public.butaca(salaid,numerodeasiento,codigosucursal) VALUES('salC001','280','3OR');
INSERT INTO public.butaca(salaid,numerodeasiento,codigosucursal) VALUES('salC001','281','3OR');
INSERT INTO public.butaca(salaid,numerodeasiento,codigosucursal) VALUES('salC001','282','3OR');
INSERT INTO public.butaca(salaid,numerodeasiento,codigosucursal) VALUES('salC001','283','3OR');
INSERT INTO public.butaca(salaid,numerodeasiento,codigosucursal) VALUES('salC001','284','3OR');
INSERT INTO public.butaca(salaid,numerodeasiento,codigosucursal) VALUES('salC001','285','3OR');
INSERT INTO public.butaca(salaid,numerodeasiento,codigosucursal) VALUES('salC001','286','3OR');
INSERT INTO public.butaca(salaid,numerodeasiento,codigosucursal) VALUES('salC001','287','3OR');
INSERT INTO public.butaca(salaid,numerodeasiento,codigosucursal) VALUES('salC001','288','3OR');
INSERT INTO public.butaca(salaid,numerodeasiento,codigosucursal) VALUES('salC001','289','3OR');
INSERT INTO public.butaca(salaid,numerodeasiento,codigosucursal) VALUES('salC001','290','3OR');
INSERT INTO public.butaca(salaid,numerodeasiento,codigosucursal) VALUES('salC001','291','3OR');
INSERT INTO public.butaca(salaid,numerodeasiento,codigosucursal) VALUES('salC001','292','3OR');
INSERT INTO public.butaca(salaid,numerodeasiento,codigosucursal) VALUES('salC001','293','3OR');
INSERT INTO public.butaca(salaid,numerodeasiento,codigosucursal) VALUES('salC001','294','3OR');
INSERT INTO public.butaca(salaid,numerodeasiento,codigosucursal) VALUES('salC001','295','3OR');
INSERT INTO public.butaca(salaid,numerodeasiento,codigosucursal) VALUES('salC001','296','3OR');
INSERT INTO public.butaca(salaid,numerodeasiento,codigosucursal) VALUES('salC001','297','3OR');
INSERT INTO public.butaca(salaid,numerodeasiento,codigosucursal) VALUES('salC001','298','3OR');
INSERT INTO public.butaca(salaid,numerodeasiento,codigosucursal) VALUES('salC001','299','3OR');
INSERT INTO public.butaca(salaid,numerodeasiento,codigosucursal) VALUES('salC001','300','3OR');
INSERT INTO public.butaca(salaid,numerodeasiento,codigosucursal) VALUES('salC001','301','3OR');
INSERT INTO public.butaca(salaid,numerodeasiento,codigosucursal) VALUES('salC001','302','3OR');
INSERT INTO public.butaca(salaid,numerodeasiento,codigosucursal) VALUES('salC001','303','3OR');
INSERT INTO public.butaca(salaid,numerodeasiento,codigosucursal) VALUES('salC001','304','3OR');
INSERT INTO public.butaca(salaid,numerodeasiento,codigosucursal) VALUES('salC001','305','3OR');
INSERT INTO public.butaca(salaid,numerodeasiento,codigosucursal) VALUES('salC001','306','3OR');
INSERT INTO public.butaca(salaid,numerodeasiento,codigosucursal) VALUES('salC001','307','3OR');
INSERT INTO public.butaca(salaid,numerodeasiento,codigosucursal) VALUES('salC001','308','3OR');
INSERT INTO public.butaca(salaid,numerodeasiento,codigosucursal) VALUES('salC001','309','3OR');
INSERT INTO public.butaca(salaid,numerodeasiento,codigosucursal) VALUES('salC001','310','3OR');
INSERT INTO public.butaca(salaid,numerodeasiento,codigosucursal) VALUES('salC001','311','3OR');
INSERT INTO public.butaca(salaid,numerodeasiento,codigosucursal) VALUES('salC001','312','3OR');
INSERT INTO public.butaca(salaid,numerodeasiento,codigosucursal) VALUES('salC001','313','3OR');
INSERT INTO public.butaca(salaid,numerodeasiento,codigosucursal) VALUES('salC001','314','3OR');
INSERT INTO public.butaca(salaid,numerodeasiento,codigosucursal) VALUES('salC001','315','3OR');
INSERT INTO public.butaca(salaid,numerodeasiento,codigosucursal) VALUES('salC001','316','3OR');
INSERT INTO public.butaca(salaid,numerodeasiento,codigosucursal) VALUES('salC001','317','3OR');
INSERT INTO public.butaca(salaid,numerodeasiento,codigosucursal) VALUES('salC001','318','3OR');
INSERT INTO public.butaca(salaid,numerodeasiento,codigosucursal) VALUES('salC001','319','3OR');
INSERT INTO public.butaca(salaid,numerodeasiento,codigosucursal) VALUES('salC001','320','3OR');
INSERT INTO public.butaca(salaid,numerodeasiento,codigosucursal) VALUES('salC001','321','3OR');
INSERT INTO public.butaca(salaid,numerodeasiento,codigosucursal) VALUES('salC001','322','3OR');
INSERT INTO public.butaca(salaid,numerodeasiento,codigosucursal) VALUES('salC001','323','3OR');
INSERT INTO public.butaca(salaid,numerodeasiento,codigosucursal) VALUES('salC001','324','3OR');
INSERT INTO public.butaca(salaid,numerodeasiento,codigosucursal) VALUES('salC001','325','3OR');
INSERT INTO public.butaca(salaid,numerodeasiento,codigosucursal) VALUES('salC001','326','3OR');
INSERT INTO public.butaca(salaid,numerodeasiento,codigosucursal) VALUES('salC001','327','3OR');
INSERT INTO public.butaca(salaid,numerodeasiento,codigosucursal) VALUES('salC001','328','3OR');
INSERT INTO public.butaca(salaid,numerodeasiento,codigosucursal) VALUES('salC001','329','3OR');
INSERT INTO public.butaca(salaid,numerodeasiento,codigosucursal) VALUES('salC001','330','3OR');
INSERT INTO public.butaca(salaid,numerodeasiento,codigosucursal) VALUES('salC001','331','3OR');
INSERT INTO public.butaca(salaid,numerodeasiento,codigosucursal) VALUES('salC001','332','3OR');
INSERT INTO public.butaca(salaid,numerodeasiento,codigosucursal) VALUES('salC001','333','3OR');
INSERT INTO public.butaca(salaid,numerodeasiento,codigosucursal) VALUES('salC001','334','3OR');
INSERT INTO public.butaca(salaid,numerodeasiento,codigosucursal) VALUES('salC001','335','3OR');
INSERT INTO public.butaca(salaid,numerodeasiento,codigosucursal) VALUES('salC001','336','3OR');
INSERT INTO public.butaca(salaid,numerodeasiento,codigosucursal) VALUES('salC001','337','3OR');
INSERT INTO public.butaca(salaid,numerodeasiento,codigosucursal) VALUES('salC001','338','3OR');
INSERT INTO public.butaca(salaid,numerodeasiento,codigosucursal) VALUES('salC001','339','3OR');
INSERT INTO public.butaca(salaid,numerodeasiento,codigosucursal) VALUES('salC001','340','3OR');
INSERT INTO public.butaca(salaid,numerodeasiento,codigosucursal) VALUES('salC001','341','3OR');
INSERT INTO public.butaca(salaid,numerodeasiento,codigosucursal) VALUES('salC001','342','3OR');
INSERT INTO public.butaca(salaid,numerodeasiento,codigosucursal) VALUES('salC001','343','3OR');
INSERT INTO public.butaca(salaid,numerodeasiento,codigosucursal) VALUES('salC001','344','3OR');
INSERT INTO public.butaca(salaid,numerodeasiento,codigosucursal) VALUES('salC001','345','3OR');
INSERT INTO public.butaca(salaid,numerodeasiento,codigosucursal) VALUES('salC001','346','3OR');
INSERT INTO public.butaca(salaid,numerodeasiento,codigosucursal) VALUES('salC001','347','3OR');
INSERT INTO public.butaca(salaid,numerodeasiento,codigosucursal) VALUES('salC001','348','3OR');
INSERT INTO public.butaca(salaid,numerodeasiento,codigosucursal) VALUES('salC001','349','3OR');
INSERT INTO public.butaca(salaid,numerodeasiento,codigosucursal) VALUES('salC001','350','3OR');
INSERT INTO public.butaca(salaid,numerodeasiento,codigosucursal) VALUES('salC001','351','3OR');
INSERT INTO public.butaca(salaid,numerodeasiento,codigosucursal) VALUES('salC001','352','3OR');
INSERT INTO public.butaca(salaid,numerodeasiento,codigosucursal) VALUES('salC001','353','3OR');
INSERT INTO public.butaca(salaid,numerodeasiento,codigosucursal) VALUES('salC001','354','3OR');
INSERT INTO public.butaca(salaid,numerodeasiento,codigosucursal) VALUES('salC001','355','3OR');
INSERT INTO public.butaca(salaid,numerodeasiento,codigosucursal) VALUES('salC001','356','3OR');
INSERT INTO public.butaca(salaid,numerodeasiento,codigosucursal) VALUES('salC001','357','3OR');
INSERT INTO public.butaca(salaid,numerodeasiento,codigosucursal) VALUES('salC001','358','3OR');
INSERT INTO public.butaca(salaid,numerodeasiento,codigosucursal) VALUES('salC001','359','3OR');
INSERT INTO public.butaca(salaid,numerodeasiento,codigosucursal) VALUES('salC001','360','3OR');
INSERT INTO public.butaca(salaid,numerodeasiento,codigosucursal) VALUES('salC001','361','3OR');
INSERT INTO public.butaca(salaid,numerodeasiento,codigosucursal) VALUES('salC001','362','3OR');
INSERT INTO public.butaca(salaid,numerodeasiento,codigosucursal) VALUES('salC001','363','3OR');
INSERT INTO public.butaca(salaid,numerodeasiento,codigosucursal) VALUES('salC001','364','3OR');
INSERT INTO public.butaca(salaid,numerodeasiento,codigosucursal) VALUES('salC001','365','3OR');
INSERT INTO public.butaca(salaid,numerodeasiento,codigosucursal) VALUES('salC001','366','3OR');
INSERT INTO public.butaca(salaid,numerodeasiento,codigosucursal) VALUES('salC001','367','3OR');
INSERT INTO public.butaca(salaid,numerodeasiento,codigosucursal) VALUES('salC001','368','3OR');
INSERT INTO public.butaca(salaid,numerodeasiento,codigosucursal) VALUES('salC001','369','3OR');
INSERT INTO public.butaca(salaid,numerodeasiento,codigosucursal) VALUES('salC001','370','3OR');
INSERT INTO public.butaca(salaid,numerodeasiento,codigosucursal) VALUES('salC001','371','3OR');
INSERT INTO public.butaca(salaid,numerodeasiento,codigosucursal) VALUES('salC001','372','3OR');
INSERT INTO public.butaca(salaid,numerodeasiento,codigosucursal) VALUES('salC001','373','3OR');
INSERT INTO public.butaca(salaid,numerodeasiento,codigosucursal) VALUES('salC001','374','3OR');
INSERT INTO public.butaca(salaid,numerodeasiento,codigosucursal) VALUES('salC001','375','3OR');
INSERT INTO public.butaca(salaid,numerodeasiento,codigosucursal) VALUES('salC001','376','3OR');
INSERT INTO public.butaca(salaid,numerodeasiento,codigosucursal) VALUES('salC001','377','3OR');
INSERT INTO public.butaca(salaid,numerodeasiento,codigosucursal) VALUES('salC001','378','3OR');
INSERT INTO public.butaca(salaid,numerodeasiento,codigosucursal) VALUES('salC001','379','3OR');
INSERT INTO public.butaca(salaid,numerodeasiento,codigosucursal) VALUES('salC001','380','3OR');
INSERT INTO public.butaca(salaid,numerodeasiento,codigosucursal) VALUES('salC001','381','3OR');
INSERT INTO public.butaca(salaid,numerodeasiento,codigosucursal) VALUES('salC001','382','3OR');
INSERT INTO public.butaca(salaid,numerodeasiento,codigosucursal) VALUES('salC001','383','3OR');
INSERT INTO public.butaca(salaid,numerodeasiento,codigosucursal) VALUES('salC001','384','3OR');
INSERT INTO public.butaca(salaid,numerodeasiento,codigosucursal) VALUES('salC001','385','3OR');
INSERT INTO public.butaca(salaid,numerodeasiento,codigosucursal) VALUES('salC001','386','3OR');
INSERT INTO public.butaca(salaid,numerodeasiento,codigosucursal) VALUES('salC001','387','3OR');
INSERT INTO public.butaca(salaid,numerodeasiento,codigosucursal) VALUES('salC001','388','3OR');
INSERT INTO public.butaca(salaid,numerodeasiento,codigosucursal) VALUES('salC001','389','3OR');
INSERT INTO public.butaca(salaid,numerodeasiento,codigosucursal) VALUES('salC001','390','3OR');
INSERT INTO public.butaca(salaid,numerodeasiento,codigosucursal) VALUES('salC001','391','3OR');
INSERT INTO public.butaca(salaid,numerodeasiento,codigosucursal) VALUES('salC001','392','3OR');
INSERT INTO public.butaca(salaid,numerodeasiento,codigosucursal) VALUES('salC001','393','3OR');
INSERT INTO public.butaca(salaid,numerodeasiento,codigosucursal) VALUES('salC001','394','3OR');
INSERT INTO public.butaca(salaid,numerodeasiento,codigosucursal) VALUES('salC001','395','3OR');
INSERT INTO public.butaca(salaid,numerodeasiento,codigosucursal) VALUES('salC001','396','3OR');
INSERT INTO public.butaca(salaid,numerodeasiento,codigosucursal) VALUES('salC001','397','3OR');
INSERT INTO public.butaca(salaid,numerodeasiento,codigosucursal) VALUES('salC001','398','3OR');
INSERT INTO public.butaca(salaid,numerodeasiento,codigosucursal) VALUES('salC001','399','3OR');
INSERT INTO public.butaca(salaid,numerodeasiento,codigosucursal) VALUES('salC001','400','3OR');
INSERT INTO public.butaca(salaid,numerodeasiento,codigosucursal) VALUES('salC001','401','3OR');
INSERT INTO public.butaca(salaid,numerodeasiento,codigosucursal) VALUES('salC001','402','3OR');
INSERT INTO public.butaca(salaid,numerodeasiento,codigosucursal) VALUES('salC001','403','3OR');
INSERT INTO public.butaca(salaid,numerodeasiento,codigosucursal) VALUES('salC001','404','3OR');
INSERT INTO public.butaca(salaid,numerodeasiento,codigosucursal) VALUES('salC001','405','3OR');
INSERT INTO public.butaca(salaid,numerodeasiento,codigosucursal) VALUES('salC002','406','3OR');
INSERT INTO public.butaca(salaid,numerodeasiento,codigosucursal) VALUES('salC002','407','3OR');
INSERT INTO public.butaca(salaid,numerodeasiento,codigosucursal) VALUES('salC002','408','3OR');
INSERT INTO public.butaca(salaid,numerodeasiento,codigosucursal) VALUES('salC002','409','3OR');
INSERT INTO public.butaca(salaid,numerodeasiento,codigosucursal) VALUES('salC002','410','3OR');
INSERT INTO public.butaca(salaid,numerodeasiento,codigosucursal) VALUES('salC002','411','3OR');
INSERT INTO public.butaca(salaid,numerodeasiento,codigosucursal) VALUES('salC002','412','3OR');
INSERT INTO public.butaca(salaid,numerodeasiento,codigosucursal) VALUES('salC002','413','3OR');
INSERT INTO public.butaca(salaid,numerodeasiento,codigosucursal) VALUES('salC002','414','3OR');
INSERT INTO public.butaca(salaid,numerodeasiento,codigosucursal) VALUES('salC002','415','3OR');
INSERT INTO public.butaca(salaid,numerodeasiento,codigosucursal) VALUES('salC002','416','3OR');
INSERT INTO public.butaca(salaid,numerodeasiento,codigosucursal) VALUES('salC002','417','3OR');
INSERT INTO public.butaca(salaid,numerodeasiento,codigosucursal) VALUES('salC002','418','3OR');
INSERT INTO public.butaca(salaid,numerodeasiento,codigosucursal) VALUES('salC002','419','3OR');
INSERT INTO public.butaca(salaid,numerodeasiento,codigosucursal) VALUES('salC002','420','3OR');
INSERT INTO public.butaca(salaid,numerodeasiento,codigosucursal) VALUES('salC002','421','3OR');
INSERT INTO public.butaca(salaid,numerodeasiento,codigosucursal) VALUES('salC002','422','3OR');
INSERT INTO public.butaca(salaid,numerodeasiento,codigosucursal) VALUES('salC002','423','3OR');
INSERT INTO public.butaca(salaid,numerodeasiento,codigosucursal) VALUES('salC002','424','3OR');
INSERT INTO public.butaca(salaid,numerodeasiento,codigosucursal) VALUES('salC002','425','3OR');
INSERT INTO public.butaca(salaid,numerodeasiento,codigosucursal) VALUES('salC002','426','3OR');
INSERT INTO public.butaca(salaid,numerodeasiento,codigosucursal) VALUES('salC002','427','3OR');
INSERT INTO public.butaca(salaid,numerodeasiento,codigosucursal) VALUES('salC002','428','3OR');
INSERT INTO public.butaca(salaid,numerodeasiento,codigosucursal) VALUES('salC002','429','3OR');
INSERT INTO public.butaca(salaid,numerodeasiento,codigosucursal) VALUES('salC002','430','3OR');
INSERT INTO public.butaca(salaid,numerodeasiento,codigosucursal) VALUES('salC002','431','3OR');
INSERT INTO public.butaca(salaid,numerodeasiento,codigosucursal) VALUES('salC002','432','3OR');
INSERT INTO public.butaca(salaid,numerodeasiento,codigosucursal) VALUES('salC002','433','3OR');
INSERT INTO public.butaca(salaid,numerodeasiento,codigosucursal) VALUES('salC002','434','3OR');
INSERT INTO public.butaca(salaid,numerodeasiento,codigosucursal) VALUES('salC002','435','3OR');
INSERT INTO public.butaca(salaid,numerodeasiento,codigosucursal) VALUES('salC002','436','3OR');
INSERT INTO public.butaca(salaid,numerodeasiento,codigosucursal) VALUES('salC002','437','3OR');
INSERT INTO public.butaca(salaid,numerodeasiento,codigosucursal) VALUES('salC002','438','3OR');
INSERT INTO public.butaca(salaid,numerodeasiento,codigosucursal) VALUES('salC002','439','3OR');
INSERT INTO public.butaca(salaid,numerodeasiento,codigosucursal) VALUES('salC002','440','3OR');
INSERT INTO public.butaca(salaid,numerodeasiento,codigosucursal) VALUES('salC002','441','3OR');
INSERT INTO public.butaca(salaid,numerodeasiento,codigosucursal) VALUES('salC002','442','3OR');
INSERT INTO public.butaca(salaid,numerodeasiento,codigosucursal) VALUES('salC002','443','3OR');
INSERT INTO public.butaca(salaid,numerodeasiento,codigosucursal) VALUES('salC002','444','3OR');
INSERT INTO public.butaca(salaid,numerodeasiento,codigosucursal) VALUES('salC002','445','3OR');
INSERT INTO public.butaca(salaid,numerodeasiento,codigosucursal) VALUES('salC002','446','3OR');
INSERT INTO public.butaca(salaid,numerodeasiento,codigosucursal) VALUES('salC002','447','3OR');
INSERT INTO public.butaca(salaid,numerodeasiento,codigosucursal) VALUES('salC002','448','3OR');
INSERT INTO public.butaca(salaid,numerodeasiento,codigosucursal) VALUES('salC002','449','3OR');
INSERT INTO public.butaca(salaid,numerodeasiento,codigosucursal) VALUES('salC002','450','3OR');
INSERT INTO public.butaca(salaid,numerodeasiento,codigosucursal) VALUES('salC002','451','3OR');
INSERT INTO public.butaca(salaid,numerodeasiento,codigosucursal) VALUES('salC002','452','3OR');
INSERT INTO public.butaca(salaid,numerodeasiento,codigosucursal) VALUES('salC002','453','3OR');
INSERT INTO public.butaca(salaid,numerodeasiento,codigosucursal) VALUES('salC002','454','3OR');
INSERT INTO public.butaca(salaid,numerodeasiento,codigosucursal) VALUES('salC002','455','3OR');
INSERT INTO public.butaca(salaid,numerodeasiento,codigosucursal) VALUES('salC002','456','3OR');
INSERT INTO public.butaca(salaid,numerodeasiento,codigosucursal) VALUES('salC002','457','3OR');
INSERT INTO public.butaca(salaid,numerodeasiento,codigosucursal) VALUES('salC002','458','3OR');
INSERT INTO public.butaca(salaid,numerodeasiento,codigosucursal) VALUES('salC002','459','3OR');
INSERT INTO public.butaca(salaid,numerodeasiento,codigosucursal) VALUES('salC002','460','3OR');
INSERT INTO public.butaca(salaid,numerodeasiento,codigosucursal) VALUES('salC002','461','3OR');
INSERT INTO public.butaca(salaid,numerodeasiento,codigosucursal) VALUES('salC002','462','3OR');
INSERT INTO public.butaca(salaid,numerodeasiento,codigosucursal) VALUES('salC002','463','3OR');
INSERT INTO public.butaca(salaid,numerodeasiento,codigosucursal) VALUES('salC002','464','3OR');
INSERT INTO public.butaca(salaid,numerodeasiento,codigosucursal) VALUES('salC002','465','3OR');
INSERT INTO public.butaca(salaid,numerodeasiento,codigosucursal) VALUES('salC002','466','3OR');
INSERT INTO public.butaca(salaid,numerodeasiento,codigosucursal) VALUES('salC002','467','3OR');
INSERT INTO public.butaca(salaid,numerodeasiento,codigosucursal) VALUES('salC002','468','3OR');
INSERT INTO public.butaca(salaid,numerodeasiento,codigosucursal) VALUES('salC002','469','3OR');
INSERT INTO public.butaca(salaid,numerodeasiento,codigosucursal) VALUES('salC002','470','3OR');
INSERT INTO public.butaca(salaid,numerodeasiento,codigosucursal) VALUES('salC002','471','3OR');
INSERT INTO public.butaca(salaid,numerodeasiento,codigosucursal) VALUES('salC002','472','3OR');
INSERT INTO public.butaca(salaid,numerodeasiento,codigosucursal) VALUES('salC002','473','3OR');
INSERT INTO public.butaca(salaid,numerodeasiento,codigosucursal) VALUES('salC002','474','3OR');
INSERT INTO public.butaca(salaid,numerodeasiento,codigosucursal) VALUES('salC002','475','3OR');
INSERT INTO public.butaca(salaid,numerodeasiento,codigosucursal) VALUES('salC002','476','3OR');
INSERT INTO public.butaca(salaid,numerodeasiento,codigosucursal) VALUES('salC002','477','3OR');
INSERT INTO public.butaca(salaid,numerodeasiento,codigosucursal) VALUES('salC002','478','3OR');
INSERT INTO public.butaca(salaid,numerodeasiento,codigosucursal) VALUES('salC002','479','3OR');
INSERT INTO public.butaca(salaid,numerodeasiento,codigosucursal) VALUES('salC002','480','3OR');
INSERT INTO public.butaca(salaid,numerodeasiento,codigosucursal) VALUES('salC002','481','3OR');
INSERT INTO public.butaca(salaid,numerodeasiento,codigosucursal) VALUES('salC002','482','3OR');
INSERT INTO public.butaca(salaid,numerodeasiento,codigosucursal) VALUES('salC002','483','3OR');
INSERT INTO public.butaca(salaid,numerodeasiento,codigosucursal) VALUES('salC002','484','3OR');
INSERT INTO public.butaca(salaid,numerodeasiento,codigosucursal) VALUES('salC002','485','3OR');
INSERT INTO public.butaca(salaid,numerodeasiento,codigosucursal) VALUES('salC002','486','3OR');
INSERT INTO public.butaca(salaid,numerodeasiento,codigosucursal) VALUES('salC002','487','3OR');
INSERT INTO public.butaca(salaid,numerodeasiento,codigosucursal) VALUES('salC002','488','3OR');
INSERT INTO public.butaca(salaid,numerodeasiento,codigosucursal) VALUES('salC002','489','3OR');
INSERT INTO public.butaca(salaid,numerodeasiento,codigosucursal) VALUES('salC002','490','3OR');
INSERT INTO public.butaca(salaid,numerodeasiento,codigosucursal) VALUES('salC002','491','3OR');
INSERT INTO public.butaca(salaid,numerodeasiento,codigosucursal) VALUES('salC002','492','3OR');
INSERT INTO public.butaca(salaid,numerodeasiento,codigosucursal) VALUES('salC002','493','3OR');
INSERT INTO public.butaca(salaid,numerodeasiento,codigosucursal) VALUES('salC002','494','3OR');
INSERT INTO public.butaca(salaid,numerodeasiento,codigosucursal) VALUES('salC002','495','3OR');
INSERT INTO public.butaca(salaid,numerodeasiento,codigosucursal) VALUES('salC002','496','3OR');
INSERT INTO public.butaca(salaid,numerodeasiento,codigosucursal) VALUES('salC002','497','3OR');
INSERT INTO public.butaca(salaid,numerodeasiento,codigosucursal) VALUES('salC002','498','3OR');
INSERT INTO public.butaca(salaid,numerodeasiento,codigosucursal) VALUES('salC002','499','3OR');
INSERT INTO public.butaca(salaid,numerodeasiento,codigosucursal) VALUES('salC002','500','3OR');
INSERT INTO public.butaca(salaid,numerodeasiento,codigosucursal) VALUES('salC002','501','3OR');
INSERT INTO public.butaca(salaid,numerodeasiento,codigosucursal) VALUES('salC002','502','3OR');
INSERT INTO public.butaca(salaid,numerodeasiento,codigosucursal) VALUES('salC002','503','3OR');
INSERT INTO public.butaca(salaid,numerodeasiento,codigosucursal) VALUES('salC002','504','3OR');
INSERT INTO public.butaca(salaid,numerodeasiento,codigosucursal) VALUES('salC002','505','3OR');
INSERT INTO public.butaca(salaid,numerodeasiento,codigosucursal) VALUES('salC002','506','3OR');
INSERT INTO public.butaca(salaid,numerodeasiento,codigosucursal) VALUES('salC002','507','3OR');
INSERT INTO public.butaca(salaid,numerodeasiento,codigosucursal) VALUES('salC002','508','3OR');
INSERT INTO public.butaca(salaid,numerodeasiento,codigosucursal) VALUES('salC002','509','3OR');
INSERT INTO public.butaca(salaid,numerodeasiento,codigosucursal) VALUES('salC002','510','3OR');
INSERT INTO public.butaca(salaid,numerodeasiento,codigosucursal) VALUES('salC002','511','3OR');
INSERT INTO public.butaca(salaid,numerodeasiento,codigosucursal) VALUES('salC002','512','3OR');
INSERT INTO public.butaca(salaid,numerodeasiento,codigosucursal) VALUES('salC002','513','3OR');
INSERT INTO public.butaca(salaid,numerodeasiento,codigosucursal) VALUES('salC002','514','3OR');
INSERT INTO public.butaca(salaid,numerodeasiento,codigosucursal) VALUES('salC002','515','3OR');
INSERT INTO public.butaca(salaid,numerodeasiento,codigosucursal) VALUES('salC002','516','3OR');
INSERT INTO public.butaca(salaid,numerodeasiento,codigosucursal) VALUES('salC002','517','3OR');
INSERT INTO public.butaca(salaid,numerodeasiento,codigosucursal) VALUES('salC002','518','3OR');
INSERT INTO public.butaca(salaid,numerodeasiento,codigosucursal) VALUES('salC002','519','3OR');
INSERT INTO public.butaca(salaid,numerodeasiento,codigosucursal) VALUES('salC002','520','3OR');
INSERT INTO public.butaca(salaid,numerodeasiento,codigosucursal) VALUES('salC002','521','3OR');
INSERT INTO public.butaca(salaid,numerodeasiento,codigosucursal) VALUES('salC002','522','3OR');
INSERT INTO public.butaca(salaid,numerodeasiento,codigosucursal) VALUES('salC002','523','3OR');
INSERT INTO public.butaca(salaid,numerodeasiento,codigosucursal) VALUES('salC002','524','3OR');
INSERT INTO public.butaca(salaid,numerodeasiento,codigosucursal) VALUES('salC002','525','3OR');
INSERT INTO public.butaca(salaid,numerodeasiento,codigosucursal) VALUES('salC002','526','3OR');
INSERT INTO public.butaca(salaid,numerodeasiento,codigosucursal) VALUES('salC002','527','3OR');
INSERT INTO public.butaca(salaid,numerodeasiento,codigosucursal) VALUES('salC002','528','3OR');
INSERT INTO public.butaca(salaid,numerodeasiento,codigosucursal) VALUES('salC002','529','3OR');
INSERT INTO public.butaca(salaid,numerodeasiento,codigosucursal) VALUES('salC002','530','3OR');
INSERT INTO public.butaca(salaid,numerodeasiento,codigosucursal) VALUES('salC002','531','3OR');
INSERT INTO public.butaca(salaid,numerodeasiento,codigosucursal) VALUES('salC002','532','3OR');
INSERT INTO public.butaca(salaid,numerodeasiento,codigosucursal) VALUES('salC002','533','3OR');
INSERT INTO public.butaca(salaid,numerodeasiento,codigosucursal) VALUES('salC002','534','3OR');
INSERT INTO public.butaca(salaid,numerodeasiento,codigosucursal) VALUES('salC002','535','3OR');
INSERT INTO public.butaca(salaid,numerodeasiento,codigosucursal) VALUES('salC002','536','3OR');
INSERT INTO public.butaca(salaid,numerodeasiento,codigosucursal) VALUES('salC002','537','3OR');
INSERT INTO public.butaca(salaid,numerodeasiento,codigosucursal) VALUES('salC002','538','3OR');
INSERT INTO public.butaca(salaid,numerodeasiento,codigosucursal) VALUES('salC002','539','3OR');
INSERT INTO public.butaca(salaid,numerodeasiento,codigosucursal) VALUES('salC002','540','3OR');
INSERT INTO public.butaca(salaid,numerodeasiento,codigosucursal) VALUES('salSJ001','541','1SA');
INSERT INTO public.butaca(salaid,numerodeasiento,codigosucursal) VALUES('salSJ001','542','1SA');
INSERT INTO public.butaca(salaid,numerodeasiento,codigosucursal) VALUES('salSJ001','543','1SA');
INSERT INTO public.butaca(salaid,numerodeasiento,codigosucursal) VALUES('salSJ001','544','1SA');
INSERT INTO public.butaca(salaid,numerodeasiento,codigosucursal) VALUES('salSJ001','545','1SA');
INSERT INTO public.butaca(salaid,numerodeasiento,codigosucursal) VALUES('salSJ001','546','1SA');
INSERT INTO public.butaca(salaid,numerodeasiento,codigosucursal) VALUES('salSJ001','547','1SA');
INSERT INTO public.butaca(salaid,numerodeasiento,codigosucursal) VALUES('salSJ001','548','1SA');
INSERT INTO public.butaca(salaid,numerodeasiento,codigosucursal) VALUES('salSJ001','549','1SA');
INSERT INTO public.butaca(salaid,numerodeasiento,codigosucursal) VALUES('salSJ001','550','1SA');
INSERT INTO public.butaca(salaid,numerodeasiento,codigosucursal) VALUES('salSJ001','551','1SA');
INSERT INTO public.butaca(salaid,numerodeasiento,codigosucursal) VALUES('salSJ001','552','1SA');
INSERT INTO public.butaca(salaid,numerodeasiento,codigosucursal) VALUES('salSJ001','553','1SA');
INSERT INTO public.butaca(salaid,numerodeasiento,codigosucursal) VALUES('salSJ001','554','1SA');
INSERT INTO public.butaca(salaid,numerodeasiento,codigosucursal) VALUES('salSJ001','555','1SA');
INSERT INTO public.butaca(salaid,numerodeasiento,codigosucursal) VALUES('salSJ001','556','1SA');
INSERT INTO public.butaca(salaid,numerodeasiento,codigosucursal) VALUES('salSJ001','557','1SA');
INSERT INTO public.butaca(salaid,numerodeasiento,codigosucursal) VALUES('salSJ001','558','1SA');
INSERT INTO public.butaca(salaid,numerodeasiento,codigosucursal) VALUES('salSJ001','559','1SA');
INSERT INTO public.butaca(salaid,numerodeasiento,codigosucursal) VALUES('salSJ001','560','1SA');
INSERT INTO public.butaca(salaid,numerodeasiento,codigosucursal) VALUES('salSJ001','561','1SA');
INSERT INTO public.butaca(salaid,numerodeasiento,codigosucursal) VALUES('salSJ001','562','1SA');
INSERT INTO public.butaca(salaid,numerodeasiento,codigosucursal) VALUES('salSJ001','563','1SA');
INSERT INTO public.butaca(salaid,numerodeasiento,codigosucursal) VALUES('salSJ001','564','1SA');
INSERT INTO public.butaca(salaid,numerodeasiento,codigosucursal) VALUES('salSJ001','565','1SA');
INSERT INTO public.butaca(salaid,numerodeasiento,codigosucursal) VALUES('salSJ001','566','1SA');
INSERT INTO public.butaca(salaid,numerodeasiento,codigosucursal) VALUES('salSJ001','567','1SA');
INSERT INTO public.butaca(salaid,numerodeasiento,codigosucursal) VALUES('salSJ001','568','1SA');
INSERT INTO public.butaca(salaid,numerodeasiento,codigosucursal) VALUES('salSJ001','569','1SA');
INSERT INTO public.butaca(salaid,numerodeasiento,codigosucursal) VALUES('salSJ001','570','1SA');
INSERT INTO public.butaca(salaid,numerodeasiento,codigosucursal) VALUES('salSJ001','571','1SA');
INSERT INTO public.butaca(salaid,numerodeasiento,codigosucursal) VALUES('salSJ001','572','1SA');
INSERT INTO public.butaca(salaid,numerodeasiento,codigosucursal) VALUES('salSJ001','573','1SA');
INSERT INTO public.butaca(salaid,numerodeasiento,codigosucursal) VALUES('salSJ001','574','1SA');
INSERT INTO public.butaca(salaid,numerodeasiento,codigosucursal) VALUES('salSJ001','575','1SA');
INSERT INTO public.butaca(salaid,numerodeasiento,codigosucursal) VALUES('salSJ001','576','1SA');
INSERT INTO public.butaca(salaid,numerodeasiento,codigosucursal) VALUES('salSJ001','577','1SA');
INSERT INTO public.butaca(salaid,numerodeasiento,codigosucursal) VALUES('salSJ001','578','1SA');
INSERT INTO public.butaca(salaid,numerodeasiento,codigosucursal) VALUES('salSJ001','579','1SA');
INSERT INTO public.butaca(salaid,numerodeasiento,codigosucursal) VALUES('salSJ001','580','1SA');
INSERT INTO public.butaca(salaid,numerodeasiento,codigosucursal) VALUES('salSJ001','581','1SA');
INSERT INTO public.butaca(salaid,numerodeasiento,codigosucursal) VALUES('salSJ001','582','1SA');
INSERT INTO public.butaca(salaid,numerodeasiento,codigosucursal) VALUES('salSJ001','583','1SA');
INSERT INTO public.butaca(salaid,numerodeasiento,codigosucursal) VALUES('salSJ001','584','1SA');
INSERT INTO public.butaca(salaid,numerodeasiento,codigosucursal) VALUES('salSJ001','585','1SA');
INSERT INTO public.butaca(salaid,numerodeasiento,codigosucursal) VALUES('salSJ001','586','1SA');
INSERT INTO public.butaca(salaid,numerodeasiento,codigosucursal) VALUES('salSJ001','587','1SA');
INSERT INTO public.butaca(salaid,numerodeasiento,codigosucursal) VALUES('salSJ001','588','1SA');
INSERT INTO public.butaca(salaid,numerodeasiento,codigosucursal) VALUES('salSJ001','589','1SA');
INSERT INTO public.butaca(salaid,numerodeasiento,codigosucursal) VALUES('salSJ001','590','1SA');
INSERT INTO public.butaca(salaid,numerodeasiento,codigosucursal) VALUES('salSJ001','591','1SA');
INSERT INTO public.butaca(salaid,numerodeasiento,codigosucursal) VALUES('salSJ001','592','1SA');
INSERT INTO public.butaca(salaid,numerodeasiento,codigosucursal) VALUES('salSJ001','593','1SA');
INSERT INTO public.butaca(salaid,numerodeasiento,codigosucursal) VALUES('salSJ001','594','1SA');
INSERT INTO public.butaca(salaid,numerodeasiento,codigosucursal) VALUES('salSJ001','595','1SA');
INSERT INTO public.butaca(salaid,numerodeasiento,codigosucursal) VALUES('salSJ001','596','1SA');
INSERT INTO public.butaca(salaid,numerodeasiento,codigosucursal) VALUES('salSJ001','597','1SA');
INSERT INTO public.butaca(salaid,numerodeasiento,codigosucursal) VALUES('salSJ001','598','1SA');
INSERT INTO public.butaca(salaid,numerodeasiento,codigosucursal) VALUES('salSJ001','599','1SA');
INSERT INTO public.butaca(salaid,numerodeasiento,codigosucursal) VALUES('salSJ001','600','1SA');
INSERT INTO public.butaca(salaid,numerodeasiento,codigosucursal) VALUES('salSJ001','601','1SA');
INSERT INTO public.butaca(salaid,numerodeasiento,codigosucursal) VALUES('salSJ001','602','1SA');
INSERT INTO public.butaca(salaid,numerodeasiento,codigosucursal) VALUES('salSJ001','603','1SA');
INSERT INTO public.butaca(salaid,numerodeasiento,codigosucursal) VALUES('salSJ001','604','1SA');
INSERT INTO public.butaca(salaid,numerodeasiento,codigosucursal) VALUES('salSJ001','605','1SA');
INSERT INTO public.butaca(salaid,numerodeasiento,codigosucursal) VALUES('salSJ001','606','1SA');
INSERT INTO public.butaca(salaid,numerodeasiento,codigosucursal) VALUES('salSJ001','607','1SA');
INSERT INTO public.butaca(salaid,numerodeasiento,codigosucursal) VALUES('salSJ001','608','1SA');
INSERT INTO public.butaca(salaid,numerodeasiento,codigosucursal) VALUES('salSJ001','609','1SA');
INSERT INTO public.butaca(salaid,numerodeasiento,codigosucursal) VALUES('salSJ001','610','1SA');
INSERT INTO public.butaca(salaid,numerodeasiento,codigosucursal) VALUES('salSJ001','611','1SA');
INSERT INTO public.butaca(salaid,numerodeasiento,codigosucursal) VALUES('salSJ001','612','1SA');
INSERT INTO public.butaca(salaid,numerodeasiento,codigosucursal) VALUES('salSJ001','613','1SA');
INSERT INTO public.butaca(salaid,numerodeasiento,codigosucursal) VALUES('salSJ001','614','1SA');
INSERT INTO public.butaca(salaid,numerodeasiento,codigosucursal) VALUES('salSJ001','615','1SA');
INSERT INTO public.butaca(salaid,numerodeasiento,codigosucursal) VALUES('salSJ001','616','1SA');
INSERT INTO public.butaca(salaid,numerodeasiento,codigosucursal) VALUES('salSJ001','617','1SA');
INSERT INTO public.butaca(salaid,numerodeasiento,codigosucursal) VALUES('salSJ001','618','1SA');
INSERT INTO public.butaca(salaid,numerodeasiento,codigosucursal) VALUES('salSJ001','619','1SA');
INSERT INTO public.butaca(salaid,numerodeasiento,codigosucursal) VALUES('salSJ001','620','1SA');
INSERT INTO public.butaca(salaid,numerodeasiento,codigosucursal) VALUES('salSJ001','621','1SA');
INSERT INTO public.butaca(salaid,numerodeasiento,codigosucursal) VALUES('salSJ001','622','1SA');
INSERT INTO public.butaca(salaid,numerodeasiento,codigosucursal) VALUES('salSJ001','623','1SA');
INSERT INTO public.butaca(salaid,numerodeasiento,codigosucursal) VALUES('salSJ001','624','1SA');
INSERT INTO public.butaca(salaid,numerodeasiento,codigosucursal) VALUES('salSJ001','625','1SA');
INSERT INTO public.butaca(salaid,numerodeasiento,codigosucursal) VALUES('salSJ001','626','1SA');
INSERT INTO public.butaca(salaid,numerodeasiento,codigosucursal) VALUES('salSJ001','627','1SA');
INSERT INTO public.butaca(salaid,numerodeasiento,codigosucursal) VALUES('salSJ001','628','1SA');
INSERT INTO public.butaca(salaid,numerodeasiento,codigosucursal) VALUES('salSJ001','629','1SA');
INSERT INTO public.butaca(salaid,numerodeasiento,codigosucursal) VALUES('salSJ001','630','1SA');
INSERT INTO public.butaca(salaid,numerodeasiento,codigosucursal) VALUES('salSJ001','631','1SA');
INSERT INTO public.butaca(salaid,numerodeasiento,codigosucursal) VALUES('salSJ001','632','1SA');
INSERT INTO public.butaca(salaid,numerodeasiento,codigosucursal) VALUES('salSJ001','633','1SA');
INSERT INTO public.butaca(salaid,numerodeasiento,codigosucursal) VALUES('salSJ001','634','1SA');
INSERT INTO public.butaca(salaid,numerodeasiento,codigosucursal) VALUES('salSJ001','635','1SA');
INSERT INTO public.butaca(salaid,numerodeasiento,codigosucursal) VALUES('salSJ001','636','1SA');
INSERT INTO public.butaca(salaid,numerodeasiento,codigosucursal) VALUES('salSJ001','637','1SA');
INSERT INTO public.butaca(salaid,numerodeasiento,codigosucursal) VALUES('salSJ001','638','1SA');
INSERT INTO public.butaca(salaid,numerodeasiento,codigosucursal) VALUES('salSJ001','639','1SA');
INSERT INTO public.butaca(salaid,numerodeasiento,codigosucursal) VALUES('salSJ001','640','1SA');
INSERT INTO public.butaca(salaid,numerodeasiento,codigosucursal) VALUES('salSJ001','641','1SA');
INSERT INTO public.butaca(salaid,numerodeasiento,codigosucursal) VALUES('salSJ001','642','1SA');
INSERT INTO public.butaca(salaid,numerodeasiento,codigosucursal) VALUES('salSJ001','643','1SA');
INSERT INTO public.butaca(salaid,numerodeasiento,codigosucursal) VALUES('salSJ001','644','1SA');
INSERT INTO public.butaca(salaid,numerodeasiento,codigosucursal) VALUES('salSJ001','645','1SA');
INSERT INTO public.butaca(salaid,numerodeasiento,codigosucursal) VALUES('salSJ001','646','1SA');
INSERT INTO public.butaca(salaid,numerodeasiento,codigosucursal) VALUES('salSJ001','647','1SA');
INSERT INTO public.butaca(salaid,numerodeasiento,codigosucursal) VALUES('salSJ001','648','1SA');
INSERT INTO public.butaca(salaid,numerodeasiento,codigosucursal) VALUES('salSJ001','649','1SA');
INSERT INTO public.butaca(salaid,numerodeasiento,codigosucursal) VALUES('salSJ001','650','1SA');
INSERT INTO public.butaca(salaid,numerodeasiento,codigosucursal) VALUES('salSJ001','651','1SA');
INSERT INTO public.butaca(salaid,numerodeasiento,codigosucursal) VALUES('salSJ001','652','1SA');
INSERT INTO public.butaca(salaid,numerodeasiento,codigosucursal) VALUES('salSJ001','653','1SA');
INSERT INTO public.butaca(salaid,numerodeasiento,codigosucursal) VALUES('salSJ001','654','1SA');
INSERT INTO public.butaca(salaid,numerodeasiento,codigosucursal) VALUES('salSJ001','655','1SA');
INSERT INTO public.butaca(salaid,numerodeasiento,codigosucursal) VALUES('salSJ001','656','1SA');
INSERT INTO public.butaca(salaid,numerodeasiento,codigosucursal) VALUES('salSJ001','657','1SA');
INSERT INTO public.butaca(salaid,numerodeasiento,codigosucursal) VALUES('salSJ001','658','1SA');
INSERT INTO public.butaca(salaid,numerodeasiento,codigosucursal) VALUES('salSJ001','659','1SA');
INSERT INTO public.butaca(salaid,numerodeasiento,codigosucursal) VALUES('salSJ001','660','1SA');
INSERT INTO public.butaca(salaid,numerodeasiento,codigosucursal) VALUES('salSJ001','661','1SA');
INSERT INTO public.butaca(salaid,numerodeasiento,codigosucursal) VALUES('salSJ001','662','1SA');
INSERT INTO public.butaca(salaid,numerodeasiento,codigosucursal) VALUES('salSJ001','663','1SA');
INSERT INTO public.butaca(salaid,numerodeasiento,codigosucursal) VALUES('salSJ001','664','1SA');
INSERT INTO public.butaca(salaid,numerodeasiento,codigosucursal) VALUES('salSJ001','665','1SA');
INSERT INTO public.butaca(salaid,numerodeasiento,codigosucursal) VALUES('salSJ001','666','1SA');
INSERT INTO public.butaca(salaid,numerodeasiento,codigosucursal) VALUES('salSJ001','667','1SA');
INSERT INTO public.butaca(salaid,numerodeasiento,codigosucursal) VALUES('salSJ001','668','1SA');
INSERT INTO public.butaca(salaid,numerodeasiento,codigosucursal) VALUES('salSJ001','669','1SA');
INSERT INTO public.butaca(salaid,numerodeasiento,codigosucursal) VALUES('salSJ001','670','1SA');
INSERT INTO public.butaca(salaid,numerodeasiento,codigosucursal) VALUES('salSJ001','671','1SA');
INSERT INTO public.butaca(salaid,numerodeasiento,codigosucursal) VALUES('salSJ001','672','1SA');
INSERT INTO public.butaca(salaid,numerodeasiento,codigosucursal) VALUES('salSJ001','673','1SA');
INSERT INTO public.butaca(salaid,numerodeasiento,codigosucursal) VALUES('salSJ001','674','1SA');
INSERT INTO public.butaca(salaid,numerodeasiento,codigosucursal) VALUES('salSJ001','675','1SA');
INSERT INTO public.butaca(salaid,numerodeasiento,codigosucursal) VALUES('salSJ002','676','1SA');
INSERT INTO public.butaca(salaid,numerodeasiento,codigosucursal) VALUES('salSJ002','677','1SA');
INSERT INTO public.butaca(salaid,numerodeasiento,codigosucursal) VALUES('salSJ002','678','1SA');
INSERT INTO public.butaca(salaid,numerodeasiento,codigosucursal) VALUES('salSJ002','679','1SA');
INSERT INTO public.butaca(salaid,numerodeasiento,codigosucursal) VALUES('salSJ002','680','1SA');
INSERT INTO public.butaca(salaid,numerodeasiento,codigosucursal) VALUES('salSJ002','681','1SA');
INSERT INTO public.butaca(salaid,numerodeasiento,codigosucursal) VALUES('salSJ002','682','1SA');
INSERT INTO public.butaca(salaid,numerodeasiento,codigosucursal) VALUES('salSJ002','683','1SA');
INSERT INTO public.butaca(salaid,numerodeasiento,codigosucursal) VALUES('salSJ002','684','1SA');
INSERT INTO public.butaca(salaid,numerodeasiento,codigosucursal) VALUES('salSJ002','685','1SA');
INSERT INTO public.butaca(salaid,numerodeasiento,codigosucursal) VALUES('salSJ002','686','1SA');
INSERT INTO public.butaca(salaid,numerodeasiento,codigosucursal) VALUES('salSJ002','687','1SA');
INSERT INTO public.butaca(salaid,numerodeasiento,codigosucursal) VALUES('salSJ002','688','1SA');
INSERT INTO public.butaca(salaid,numerodeasiento,codigosucursal) VALUES('salSJ002','689','1SA');
INSERT INTO public.butaca(salaid,numerodeasiento,codigosucursal) VALUES('salSJ002','690','1SA');
INSERT INTO public.butaca(salaid,numerodeasiento,codigosucursal) VALUES('salSJ002','691','1SA');
INSERT INTO public.butaca(salaid,numerodeasiento,codigosucursal) VALUES('salSJ002','692','1SA');
INSERT INTO public.butaca(salaid,numerodeasiento,codigosucursal) VALUES('salSJ002','693','1SA');
INSERT INTO public.butaca(salaid,numerodeasiento,codigosucursal) VALUES('salSJ002','694','1SA');
INSERT INTO public.butaca(salaid,numerodeasiento,codigosucursal) VALUES('salSJ002','695','1SA');
INSERT INTO public.butaca(salaid,numerodeasiento,codigosucursal) VALUES('salSJ002','696','1SA');
INSERT INTO public.butaca(salaid,numerodeasiento,codigosucursal) VALUES('salSJ002','697','1SA');
INSERT INTO public.butaca(salaid,numerodeasiento,codigosucursal) VALUES('salSJ002','698','1SA');
INSERT INTO public.butaca(salaid,numerodeasiento,codigosucursal) VALUES('salSJ002','699','1SA');
INSERT INTO public.butaca(salaid,numerodeasiento,codigosucursal) VALUES('salSJ002','700','1SA');
INSERT INTO public.butaca(salaid,numerodeasiento,codigosucursal) VALUES('salSJ002','701','1SA');
INSERT INTO public.butaca(salaid,numerodeasiento,codigosucursal) VALUES('salSJ002','702','1SA');
INSERT INTO public.butaca(salaid,numerodeasiento,codigosucursal) VALUES('salSJ002','703','1SA');
INSERT INTO public.butaca(salaid,numerodeasiento,codigosucursal) VALUES('salSJ002','704','1SA');
INSERT INTO public.butaca(salaid,numerodeasiento,codigosucursal) VALUES('salSJ002','705','1SA');
INSERT INTO public.butaca(salaid,numerodeasiento,codigosucursal) VALUES('salSJ002','706','1SA');
INSERT INTO public.butaca(salaid,numerodeasiento,codigosucursal) VALUES('salSJ002','707','1SA');
INSERT INTO public.butaca(salaid,numerodeasiento,codigosucursal) VALUES('salSJ002','708','1SA');
INSERT INTO public.butaca(salaid,numerodeasiento,codigosucursal) VALUES('salSJ002','709','1SA');
INSERT INTO public.butaca(salaid,numerodeasiento,codigosucursal) VALUES('salSJ002','710','1SA');
INSERT INTO public.butaca(salaid,numerodeasiento,codigosucursal) VALUES('salSJ002','711','1SA');
INSERT INTO public.butaca(salaid,numerodeasiento,codigosucursal) VALUES('salSJ002','712','1SA');
INSERT INTO public.butaca(salaid,numerodeasiento,codigosucursal) VALUES('salSJ002','713','1SA');
INSERT INTO public.butaca(salaid,numerodeasiento,codigosucursal) VALUES('salSJ002','714','1SA');
INSERT INTO public.butaca(salaid,numerodeasiento,codigosucursal) VALUES('salSJ002','715','1SA');
INSERT INTO public.butaca(salaid,numerodeasiento,codigosucursal) VALUES('salSJ002','716','1SA');
INSERT INTO public.butaca(salaid,numerodeasiento,codigosucursal) VALUES('salSJ002','717','1SA');
INSERT INTO public.butaca(salaid,numerodeasiento,codigosucursal) VALUES('salSJ002','718','1SA');
INSERT INTO public.butaca(salaid,numerodeasiento,codigosucursal) VALUES('salSJ002','719','1SA');
INSERT INTO public.butaca(salaid,numerodeasiento,codigosucursal) VALUES('salSJ002','720','1SA');
INSERT INTO public.butaca(salaid,numerodeasiento,codigosucursal) VALUES('salSJ002','721','1SA');
INSERT INTO public.butaca(salaid,numerodeasiento,codigosucursal) VALUES('salSJ002','722','1SA');
INSERT INTO public.butaca(salaid,numerodeasiento,codigosucursal) VALUES('salSJ002','723','1SA');
INSERT INTO public.butaca(salaid,numerodeasiento,codigosucursal) VALUES('salSJ002','724','1SA');
INSERT INTO public.butaca(salaid,numerodeasiento,codigosucursal) VALUES('salSJ002','725','1SA');
INSERT INTO public.butaca(salaid,numerodeasiento,codigosucursal) VALUES('salSJ002','726','1SA');
INSERT INTO public.butaca(salaid,numerodeasiento,codigosucursal) VALUES('salSJ002','727','1SA');
INSERT INTO public.butaca(salaid,numerodeasiento,codigosucursal) VALUES('salSJ002','728','1SA');
INSERT INTO public.butaca(salaid,numerodeasiento,codigosucursal) VALUES('salSJ002','729','1SA');
INSERT INTO public.butaca(salaid,numerodeasiento,codigosucursal) VALUES('salSJ002','730','1SA');
INSERT INTO public.butaca(salaid,numerodeasiento,codigosucursal) VALUES('salSJ002','731','1SA');
INSERT INTO public.butaca(salaid,numerodeasiento,codigosucursal) VALUES('salSJ002','732','1SA');
INSERT INTO public.butaca(salaid,numerodeasiento,codigosucursal) VALUES('salSJ002','733','1SA');
INSERT INTO public.butaca(salaid,numerodeasiento,codigosucursal) VALUES('salSJ002','734','1SA');
INSERT INTO public.butaca(salaid,numerodeasiento,codigosucursal) VALUES('salSJ002','735','1SA');
INSERT INTO public.butaca(salaid,numerodeasiento,codigosucursal) VALUES('salSJ002','736','1SA');
INSERT INTO public.butaca(salaid,numerodeasiento,codigosucursal) VALUES('salSJ002','737','1SA');
INSERT INTO public.butaca(salaid,numerodeasiento,codigosucursal) VALUES('salSJ002','738','1SA');
INSERT INTO public.butaca(salaid,numerodeasiento,codigosucursal) VALUES('salSJ002','739','1SA');
INSERT INTO public.butaca(salaid,numerodeasiento,codigosucursal) VALUES('salSJ002','740','1SA');
INSERT INTO public.butaca(salaid,numerodeasiento,codigosucursal) VALUES('salSJ002','741','1SA');
INSERT INTO public.butaca(salaid,numerodeasiento,codigosucursal) VALUES('salSJ002','742','1SA');
INSERT INTO public.butaca(salaid,numerodeasiento,codigosucursal) VALUES('salSJ002','743','1SA');
INSERT INTO public.butaca(salaid,numerodeasiento,codigosucursal) VALUES('salSJ002','744','1SA');
INSERT INTO public.butaca(salaid,numerodeasiento,codigosucursal) VALUES('salSJ002','745','1SA');
INSERT INTO public.butaca(salaid,numerodeasiento,codigosucursal) VALUES('salSJ002','746','1SA');
INSERT INTO public.butaca(salaid,numerodeasiento,codigosucursal) VALUES('salSJ002','747','1SA');
INSERT INTO public.butaca(salaid,numerodeasiento,codigosucursal) VALUES('salSJ002','748','1SA');
INSERT INTO public.butaca(salaid,numerodeasiento,codigosucursal) VALUES('salSJ002','749','1SA');
INSERT INTO public.butaca(salaid,numerodeasiento,codigosucursal) VALUES('salSJ002','750','1SA');
INSERT INTO public.butaca(salaid,numerodeasiento,codigosucursal) VALUES('salSJ002','751','1SA');
INSERT INTO public.butaca(salaid,numerodeasiento,codigosucursal) VALUES('salSJ002','752','1SA');
INSERT INTO public.butaca(salaid,numerodeasiento,codigosucursal) VALUES('salSJ002','753','1SA');
INSERT INTO public.butaca(salaid,numerodeasiento,codigosucursal) VALUES('salSJ002','754','1SA');
INSERT INTO public.butaca(salaid,numerodeasiento,codigosucursal) VALUES('salSJ002','755','1SA');
INSERT INTO public.butaca(salaid,numerodeasiento,codigosucursal) VALUES('salSJ002','756','1SA');
INSERT INTO public.butaca(salaid,numerodeasiento,codigosucursal) VALUES('salSJ002','757','1SA');
INSERT INTO public.butaca(salaid,numerodeasiento,codigosucursal) VALUES('salSJ002','758','1SA');
INSERT INTO public.butaca(salaid,numerodeasiento,codigosucursal) VALUES('salSJ002','759','1SA');
INSERT INTO public.butaca(salaid,numerodeasiento,codigosucursal) VALUES('salSJ002','760','1SA');
INSERT INTO public.butaca(salaid,numerodeasiento,codigosucursal) VALUES('salSJ002','761','1SA');
INSERT INTO public.butaca(salaid,numerodeasiento,codigosucursal) VALUES('salSJ002','762','1SA');
INSERT INTO public.butaca(salaid,numerodeasiento,codigosucursal) VALUES('salSJ002','763','1SA');
INSERT INTO public.butaca(salaid,numerodeasiento,codigosucursal) VALUES('salSJ002','764','1SA');
INSERT INTO public.butaca(salaid,numerodeasiento,codigosucursal) VALUES('salSJ002','765','1SA');
INSERT INTO public.butaca(salaid,numerodeasiento,codigosucursal) VALUES('salSJ002','766','1SA');
INSERT INTO public.butaca(salaid,numerodeasiento,codigosucursal) VALUES('salSJ002','767','1SA');
INSERT INTO public.butaca(salaid,numerodeasiento,codigosucursal) VALUES('salSJ002','768','1SA');
INSERT INTO public.butaca(salaid,numerodeasiento,codigosucursal) VALUES('salSJ002','769','1SA');
INSERT INTO public.butaca(salaid,numerodeasiento,codigosucursal) VALUES('salSJ002','770','1SA');
INSERT INTO public.butaca(salaid,numerodeasiento,codigosucursal) VALUES('salSJ002','771','1SA');
INSERT INTO public.butaca(salaid,numerodeasiento,codigosucursal) VALUES('salSJ002','772','1SA');
INSERT INTO public.butaca(salaid,numerodeasiento,codigosucursal) VALUES('salSJ002','773','1SA');
INSERT INTO public.butaca(salaid,numerodeasiento,codigosucursal) VALUES('salSJ002','774','1SA');
INSERT INTO public.butaca(salaid,numerodeasiento,codigosucursal) VALUES('salSJ002','775','1SA');
INSERT INTO public.butaca(salaid,numerodeasiento,codigosucursal) VALUES('salSJ002','776','1SA');
INSERT INTO public.butaca(salaid,numerodeasiento,codigosucursal) VALUES('salSJ002','777','1SA');
INSERT INTO public.butaca(salaid,numerodeasiento,codigosucursal) VALUES('salSJ002','778','1SA');
INSERT INTO public.butaca(salaid,numerodeasiento,codigosucursal) VALUES('salSJ002','779','1SA');
INSERT INTO public.butaca(salaid,numerodeasiento,codigosucursal) VALUES('salSJ002','780','1SA');
INSERT INTO public.butaca(salaid,numerodeasiento,codigosucursal) VALUES('salSJ002','781','1SA');
INSERT INTO public.butaca(salaid,numerodeasiento,codigosucursal) VALUES('salSJ002','782','1SA');
INSERT INTO public.butaca(salaid,numerodeasiento,codigosucursal) VALUES('salSJ002','783','1SA');
INSERT INTO public.butaca(salaid,numerodeasiento,codigosucursal) VALUES('salSJ002','784','1SA');
INSERT INTO public.butaca(salaid,numerodeasiento,codigosucursal) VALUES('salSJ002','785','1SA');
INSERT INTO public.butaca(salaid,numerodeasiento,codigosucursal) VALUES('salSJ002','786','1SA');
INSERT INTO public.butaca(salaid,numerodeasiento,codigosucursal) VALUES('salSJ002','787','1SA');
INSERT INTO public.butaca(salaid,numerodeasiento,codigosucursal) VALUES('salSJ002','788','1SA');
INSERT INTO public.butaca(salaid,numerodeasiento,codigosucursal) VALUES('salSJ002','789','1SA');
INSERT INTO public.butaca(salaid,numerodeasiento,codigosucursal) VALUES('salSJ002','790','1SA');
INSERT INTO public.butaca(salaid,numerodeasiento,codigosucursal) VALUES('salSJ002','791','1SA');
INSERT INTO public.butaca(salaid,numerodeasiento,codigosucursal) VALUES('salSJ002','792','1SA');
INSERT INTO public.butaca(salaid,numerodeasiento,codigosucursal) VALUES('salSJ002','793','1SA');
INSERT INTO public.butaca(salaid,numerodeasiento,codigosucursal) VALUES('salSJ002','794','1SA');
INSERT INTO public.butaca(salaid,numerodeasiento,codigosucursal) VALUES('salSJ002','795','1SA');
INSERT INTO public.butaca(salaid,numerodeasiento,codigosucursal) VALUES('salSJ002','796','1SA');
INSERT INTO public.butaca(salaid,numerodeasiento,codigosucursal) VALUES('salSJ002','797','1SA');
INSERT INTO public.butaca(salaid,numerodeasiento,codigosucursal) VALUES('salSJ002','798','1SA');
INSERT INTO public.butaca(salaid,numerodeasiento,codigosucursal) VALUES('salSJ002','799','1SA');
INSERT INTO public.butaca(salaid,numerodeasiento,codigosucursal) VALUES('salSJ002','800','1SA');
INSERT INTO public.butaca(salaid,numerodeasiento,codigosucursal) VALUES('salSJ002','801','1SA');
INSERT INTO public.butaca(salaid,numerodeasiento,codigosucursal) VALUES('salSJ002','802','1SA');
INSERT INTO public.butaca(salaid,numerodeasiento,codigosucursal) VALUES('salSJ002','803','1SA');
INSERT INTO public.butaca(salaid,numerodeasiento,codigosucursal) VALUES('salSJ002','804','1SA');
INSERT INTO public.butaca(salaid,numerodeasiento,codigosucursal) VALUES('salSJ002','805','1SA');
INSERT INTO public.butaca(salaid,numerodeasiento,codigosucursal) VALUES('salSJ002','806','1SA');
INSERT INTO public.butaca(salaid,numerodeasiento,codigosucursal) VALUES('salSJ002','807','1SA');
INSERT INTO public.butaca(salaid,numerodeasiento,codigosucursal) VALUES('salSJ002','808','1SA');
INSERT INTO public.butaca(salaid,numerodeasiento,codigosucursal) VALUES('salSJ002','809','1SA');
INSERT INTO public.butaca(salaid,numerodeasiento,codigosucursal) VALUES('salSJ002','810','1SA');
INSERT INTO public.butaca(salaid,numerodeasiento,codigosucursal) VALUES('salAL001','811','2AL');
INSERT INTO public.butaca(salaid,numerodeasiento,codigosucursal) VALUES('salAL001','812','2AL');
INSERT INTO public.butaca(salaid,numerodeasiento,codigosucursal) VALUES('salAL001','813','2AL');
INSERT INTO public.butaca(salaid,numerodeasiento,codigosucursal) VALUES('salAL001','814','2AL');
INSERT INTO public.butaca(salaid,numerodeasiento,codigosucursal) VALUES('salAL001','815','2AL');
INSERT INTO public.butaca(salaid,numerodeasiento,codigosucursal) VALUES('salAL001','816','2AL');
INSERT INTO public.butaca(salaid,numerodeasiento,codigosucursal) VALUES('salAL001','817','2AL');
INSERT INTO public.butaca(salaid,numerodeasiento,codigosucursal) VALUES('salAL001','818','2AL');
INSERT INTO public.butaca(salaid,numerodeasiento,codigosucursal) VALUES('salAL001','819','2AL');
INSERT INTO public.butaca(salaid,numerodeasiento,codigosucursal) VALUES('salAL001','820','2AL');
INSERT INTO public.butaca(salaid,numerodeasiento,codigosucursal) VALUES('salAL001','821','2AL');
INSERT INTO public.butaca(salaid,numerodeasiento,codigosucursal) VALUES('salAL001','822','2AL');
INSERT INTO public.butaca(salaid,numerodeasiento,codigosucursal) VALUES('salAL001','823','2AL');
INSERT INTO public.butaca(salaid,numerodeasiento,codigosucursal) VALUES('salAL001','824','2AL');
INSERT INTO public.butaca(salaid,numerodeasiento,codigosucursal) VALUES('salAL001','825','2AL');
INSERT INTO public.butaca(salaid,numerodeasiento,codigosucursal) VALUES('salAL001','826','2AL');
INSERT INTO public.butaca(salaid,numerodeasiento,codigosucursal) VALUES('salAL001','827','2AL');
INSERT INTO public.butaca(salaid,numerodeasiento,codigosucursal) VALUES('salAL001','828','2AL');
INSERT INTO public.butaca(salaid,numerodeasiento,codigosucursal) VALUES('salAL001','829','2AL');
INSERT INTO public.butaca(salaid,numerodeasiento,codigosucursal) VALUES('salAL001','830','2AL');
INSERT INTO public.butaca(salaid,numerodeasiento,codigosucursal) VALUES('salAL001','831','2AL');
INSERT INTO public.butaca(salaid,numerodeasiento,codigosucursal) VALUES('salAL001','832','2AL');
INSERT INTO public.butaca(salaid,numerodeasiento,codigosucursal) VALUES('salAL001','833','2AL');
INSERT INTO public.butaca(salaid,numerodeasiento,codigosucursal) VALUES('salAL001','834','2AL');
INSERT INTO public.butaca(salaid,numerodeasiento,codigosucursal) VALUES('salAL001','835','2AL');
INSERT INTO public.butaca(salaid,numerodeasiento,codigosucursal) VALUES('salAL001','836','2AL');
INSERT INTO public.butaca(salaid,numerodeasiento,codigosucursal) VALUES('salAL001','837','2AL');
INSERT INTO public.butaca(salaid,numerodeasiento,codigosucursal) VALUES('salAL001','838','2AL');
INSERT INTO public.butaca(salaid,numerodeasiento,codigosucursal) VALUES('salAL001','839','2AL');
INSERT INTO public.butaca(salaid,numerodeasiento,codigosucursal) VALUES('salAL001','840','2AL');
INSERT INTO public.butaca(salaid,numerodeasiento,codigosucursal) VALUES('salAL001','841','2AL');
INSERT INTO public.butaca(salaid,numerodeasiento,codigosucursal) VALUES('salAL001','842','2AL');
INSERT INTO public.butaca(salaid,numerodeasiento,codigosucursal) VALUES('salAL001','843','2AL');
INSERT INTO public.butaca(salaid,numerodeasiento,codigosucursal) VALUES('salAL001','844','2AL');
INSERT INTO public.butaca(salaid,numerodeasiento,codigosucursal) VALUES('salAL001','845','2AL');
INSERT INTO public.butaca(salaid,numerodeasiento,codigosucursal) VALUES('salAL001','846','2AL');
INSERT INTO public.butaca(salaid,numerodeasiento,codigosucursal) VALUES('salAL001','847','2AL');
INSERT INTO public.butaca(salaid,numerodeasiento,codigosucursal) VALUES('salAL001','848','2AL');
INSERT INTO public.butaca(salaid,numerodeasiento,codigosucursal) VALUES('salAL001','849','2AL');
INSERT INTO public.butaca(salaid,numerodeasiento,codigosucursal) VALUES('salAL001','850','2AL');
INSERT INTO public.butaca(salaid,numerodeasiento,codigosucursal) VALUES('salAL001','851','2AL');
INSERT INTO public.butaca(salaid,numerodeasiento,codigosucursal) VALUES('salAL001','852','2AL');
INSERT INTO public.butaca(salaid,numerodeasiento,codigosucursal) VALUES('salAL001','853','2AL');
INSERT INTO public.butaca(salaid,numerodeasiento,codigosucursal) VALUES('salAL001','854','2AL');
INSERT INTO public.butaca(salaid,numerodeasiento,codigosucursal) VALUES('salAL001','855','2AL');
INSERT INTO public.butaca(salaid,numerodeasiento,codigosucursal) VALUES('salAL001','856','2AL');
INSERT INTO public.butaca(salaid,numerodeasiento,codigosucursal) VALUES('salAL001','857','2AL');
INSERT INTO public.butaca(salaid,numerodeasiento,codigosucursal) VALUES('salAL001','858','2AL');
INSERT INTO public.butaca(salaid,numerodeasiento,codigosucursal) VALUES('salAL001','859','2AL');
INSERT INTO public.butaca(salaid,numerodeasiento,codigosucursal) VALUES('salAL001','860','2AL');
INSERT INTO public.butaca(salaid,numerodeasiento,codigosucursal) VALUES('salAL001','861','2AL');
INSERT INTO public.butaca(salaid,numerodeasiento,codigosucursal) VALUES('salAL001','862','2AL');
INSERT INTO public.butaca(salaid,numerodeasiento,codigosucursal) VALUES('salAL001','863','2AL');
INSERT INTO public.butaca(salaid,numerodeasiento,codigosucursal) VALUES('salAL001','864','2AL');
INSERT INTO public.butaca(salaid,numerodeasiento,codigosucursal) VALUES('salAL001','865','2AL');
INSERT INTO public.butaca(salaid,numerodeasiento,codigosucursal) VALUES('salAL001','866','2AL');
INSERT INTO public.butaca(salaid,numerodeasiento,codigosucursal) VALUES('salAL001','867','2AL');
INSERT INTO public.butaca(salaid,numerodeasiento,codigosucursal) VALUES('salAL001','868','2AL');
INSERT INTO public.butaca(salaid,numerodeasiento,codigosucursal) VALUES('salAL001','869','2AL');
INSERT INTO public.butaca(salaid,numerodeasiento,codigosucursal) VALUES('salAL001','870','2AL');
INSERT INTO public.butaca(salaid,numerodeasiento,codigosucursal) VALUES('salAL001','871','2AL');
INSERT INTO public.butaca(salaid,numerodeasiento,codigosucursal) VALUES('salAL001','872','2AL');
INSERT INTO public.butaca(salaid,numerodeasiento,codigosucursal) VALUES('salAL001','873','2AL');
INSERT INTO public.butaca(salaid,numerodeasiento,codigosucursal) VALUES('salAL001','874','2AL');
INSERT INTO public.butaca(salaid,numerodeasiento,codigosucursal) VALUES('salAL001','875','2AL');
INSERT INTO public.butaca(salaid,numerodeasiento,codigosucursal) VALUES('salAL001','876','2AL');
INSERT INTO public.butaca(salaid,numerodeasiento,codigosucursal) VALUES('salAL001','877','2AL');
INSERT INTO public.butaca(salaid,numerodeasiento,codigosucursal) VALUES('salAL001','878','2AL');
INSERT INTO public.butaca(salaid,numerodeasiento,codigosucursal) VALUES('salAL001','879','2AL');
INSERT INTO public.butaca(salaid,numerodeasiento,codigosucursal) VALUES('salAL001','880','2AL');
INSERT INTO public.butaca(salaid,numerodeasiento,codigosucursal) VALUES('salAL001','881','2AL');
INSERT INTO public.butaca(salaid,numerodeasiento,codigosucursal) VALUES('salAL001','882','2AL');
INSERT INTO public.butaca(salaid,numerodeasiento,codigosucursal) VALUES('salAL001','883','2AL');
INSERT INTO public.butaca(salaid,numerodeasiento,codigosucursal) VALUES('salAL001','884','2AL');
INSERT INTO public.butaca(salaid,numerodeasiento,codigosucursal) VALUES('salAL001','885','2AL');
INSERT INTO public.butaca(salaid,numerodeasiento,codigosucursal) VALUES('salAL001','886','2AL');
INSERT INTO public.butaca(salaid,numerodeasiento,codigosucursal) VALUES('salAL001','887','2AL');
INSERT INTO public.butaca(salaid,numerodeasiento,codigosucursal) VALUES('salAL001','888','2AL');
INSERT INTO public.butaca(salaid,numerodeasiento,codigosucursal) VALUES('salAL001','889','2AL');
INSERT INTO public.butaca(salaid,numerodeasiento,codigosucursal) VALUES('salAL001','890','2AL');
INSERT INTO public.butaca(salaid,numerodeasiento,codigosucursal) VALUES('salAL001','891','2AL');
INSERT INTO public.butaca(salaid,numerodeasiento,codigosucursal) VALUES('salAL001','892','2AL');
INSERT INTO public.butaca(salaid,numerodeasiento,codigosucursal) VALUES('salAL001','893','2AL');
INSERT INTO public.butaca(salaid,numerodeasiento,codigosucursal) VALUES('salAL001','894','2AL');
INSERT INTO public.butaca(salaid,numerodeasiento,codigosucursal) VALUES('salAL001','895','2AL');
INSERT INTO public.butaca(salaid,numerodeasiento,codigosucursal) VALUES('salAL001','896','2AL');
INSERT INTO public.butaca(salaid,numerodeasiento,codigosucursal) VALUES('salAL001','897','2AL');
INSERT INTO public.butaca(salaid,numerodeasiento,codigosucursal) VALUES('salAL001','898','2AL');
INSERT INTO public.butaca(salaid,numerodeasiento,codigosucursal) VALUES('salAL001','899','2AL');
INSERT INTO public.butaca(salaid,numerodeasiento,codigosucursal) VALUES('salAL001','900','2AL');
INSERT INTO public.butaca(salaid,numerodeasiento,codigosucursal) VALUES('salAL001','901','2AL');
INSERT INTO public.butaca(salaid,numerodeasiento,codigosucursal) VALUES('salAL001','902','2AL');
INSERT INTO public.butaca(salaid,numerodeasiento,codigosucursal) VALUES('salAL001','903','2AL');
INSERT INTO public.butaca(salaid,numerodeasiento,codigosucursal) VALUES('salAL001','904','2AL');
INSERT INTO public.butaca(salaid,numerodeasiento,codigosucursal) VALUES('salAL001','905','2AL');
INSERT INTO public.butaca(salaid,numerodeasiento,codigosucursal) VALUES('salAL001','906','2AL');
INSERT INTO public.butaca(salaid,numerodeasiento,codigosucursal) VALUES('salAL001','907','2AL');
INSERT INTO public.butaca(salaid,numerodeasiento,codigosucursal) VALUES('salAL001','908','2AL');
INSERT INTO public.butaca(salaid,numerodeasiento,codigosucursal) VALUES('salAL001','909','2AL');
INSERT INTO public.butaca(salaid,numerodeasiento,codigosucursal) VALUES('salAL001','910','2AL');
INSERT INTO public.butaca(salaid,numerodeasiento,codigosucursal) VALUES('salAL001','911','2AL');
INSERT INTO public.butaca(salaid,numerodeasiento,codigosucursal) VALUES('salAL001','912','2AL');
INSERT INTO public.butaca(salaid,numerodeasiento,codigosucursal) VALUES('salAL001','913','2AL');
INSERT INTO public.butaca(salaid,numerodeasiento,codigosucursal) VALUES('salAL001','914','2AL');
INSERT INTO public.butaca(salaid,numerodeasiento,codigosucursal) VALUES('salAL001','915','2AL');
INSERT INTO public.butaca(salaid,numerodeasiento,codigosucursal) VALUES('salAL001','916','2AL');
INSERT INTO public.butaca(salaid,numerodeasiento,codigosucursal) VALUES('salAL001','917','2AL');
INSERT INTO public.butaca(salaid,numerodeasiento,codigosucursal) VALUES('salAL001','918','2AL');
INSERT INTO public.butaca(salaid,numerodeasiento,codigosucursal) VALUES('salAL001','919','2AL');
INSERT INTO public.butaca(salaid,numerodeasiento,codigosucursal) VALUES('salAL001','920','2AL');
INSERT INTO public.butaca(salaid,numerodeasiento,codigosucursal) VALUES('salAL001','921','2AL');
INSERT INTO public.butaca(salaid,numerodeasiento,codigosucursal) VALUES('salAL001','922','2AL');
INSERT INTO public.butaca(salaid,numerodeasiento,codigosucursal) VALUES('salAL001','923','2AL');
INSERT INTO public.butaca(salaid,numerodeasiento,codigosucursal) VALUES('salAL001','924','2AL');
INSERT INTO public.butaca(salaid,numerodeasiento,codigosucursal) VALUES('salAL001','925','2AL');
INSERT INTO public.butaca(salaid,numerodeasiento,codigosucursal) VALUES('salAL001','926','2AL');
INSERT INTO public.butaca(salaid,numerodeasiento,codigosucursal) VALUES('salAL001','927','2AL');
INSERT INTO public.butaca(salaid,numerodeasiento,codigosucursal) VALUES('salAL001','928','2AL');
INSERT INTO public.butaca(salaid,numerodeasiento,codigosucursal) VALUES('salAL001','929','2AL');
INSERT INTO public.butaca(salaid,numerodeasiento,codigosucursal) VALUES('salAL001','930','2AL');
INSERT INTO public.butaca(salaid,numerodeasiento,codigosucursal) VALUES('salAL001','931','2AL');
INSERT INTO public.butaca(salaid,numerodeasiento,codigosucursal) VALUES('salAL001','932','2AL');
INSERT INTO public.butaca(salaid,numerodeasiento,codigosucursal) VALUES('salAL001','933','2AL');
INSERT INTO public.butaca(salaid,numerodeasiento,codigosucursal) VALUES('salAL001','934','2AL');
INSERT INTO public.butaca(salaid,numerodeasiento,codigosucursal) VALUES('salAL001','935','2AL');
INSERT INTO public.butaca(salaid,numerodeasiento,codigosucursal) VALUES('salAL001','936','2AL');
INSERT INTO public.butaca(salaid,numerodeasiento,codigosucursal) VALUES('salAL001','937','2AL');
INSERT INTO public.butaca(salaid,numerodeasiento,codigosucursal) VALUES('salAL001','938','2AL');
INSERT INTO public.butaca(salaid,numerodeasiento,codigosucursal) VALUES('salAL001','939','2AL');
INSERT INTO public.butaca(salaid,numerodeasiento,codigosucursal) VALUES('salAL001','940','2AL');
INSERT INTO public.butaca(salaid,numerodeasiento,codigosucursal) VALUES('salAL001','941','2AL');
INSERT INTO public.butaca(salaid,numerodeasiento,codigosucursal) VALUES('salAL001','942','2AL');
INSERT INTO public.butaca(salaid,numerodeasiento,codigosucursal) VALUES('salAL001','943','2AL');
INSERT INTO public.butaca(salaid,numerodeasiento,codigosucursal) VALUES('salAL001','944','2AL');
INSERT INTO public.butaca(salaid,numerodeasiento,codigosucursal) VALUES('salAL001','945','2AL');
INSERT INTO public.butaca(salaid,numerodeasiento,codigosucursal) VALUES('salAL002','946','2AL');
INSERT INTO public.butaca(salaid,numerodeasiento,codigosucursal) VALUES('salAL002','947','2AL');
INSERT INTO public.butaca(salaid,numerodeasiento,codigosucursal) VALUES('salAL002','948','2AL');
INSERT INTO public.butaca(salaid,numerodeasiento,codigosucursal) VALUES('salAL002','949','2AL');
INSERT INTO public.butaca(salaid,numerodeasiento,codigosucursal) VALUES('salAL002','950','2AL');
INSERT INTO public.butaca(salaid,numerodeasiento,codigosucursal) VALUES('salAL002','951','2AL');
INSERT INTO public.butaca(salaid,numerodeasiento,codigosucursal) VALUES('salAL002','952','2AL');
INSERT INTO public.butaca(salaid,numerodeasiento,codigosucursal) VALUES('salAL002','953','2AL');
INSERT INTO public.butaca(salaid,numerodeasiento,codigosucursal) VALUES('salAL002','954','2AL');
INSERT INTO public.butaca(salaid,numerodeasiento,codigosucursal) VALUES('salAL002','955','2AL');
INSERT INTO public.butaca(salaid,numerodeasiento,codigosucursal) VALUES('salAL002','956','2AL');
INSERT INTO public.butaca(salaid,numerodeasiento,codigosucursal) VALUES('salAL002','957','2AL');
INSERT INTO public.butaca(salaid,numerodeasiento,codigosucursal) VALUES('salAL002','958','2AL');
INSERT INTO public.butaca(salaid,numerodeasiento,codigosucursal) VALUES('salAL002','959','2AL');
INSERT INTO public.butaca(salaid,numerodeasiento,codigosucursal) VALUES('salAL002','960','2AL');
INSERT INTO public.butaca(salaid,numerodeasiento,codigosucursal) VALUES('salAL002','961','2AL');
INSERT INTO public.butaca(salaid,numerodeasiento,codigosucursal) VALUES('salAL002','962','2AL');
INSERT INTO public.butaca(salaid,numerodeasiento,codigosucursal) VALUES('salAL002','963','2AL');
INSERT INTO public.butaca(salaid,numerodeasiento,codigosucursal) VALUES('salAL002','964','2AL');
INSERT INTO public.butaca(salaid,numerodeasiento,codigosucursal) VALUES('salAL002','965','2AL');
INSERT INTO public.butaca(salaid,numerodeasiento,codigosucursal) VALUES('salAL002','966','2AL');
INSERT INTO public.butaca(salaid,numerodeasiento,codigosucursal) VALUES('salAL002','967','2AL');
INSERT INTO public.butaca(salaid,numerodeasiento,codigosucursal) VALUES('salAL002','968','2AL');
INSERT INTO public.butaca(salaid,numerodeasiento,codigosucursal) VALUES('salAL002','969','2AL');
INSERT INTO public.butaca(salaid,numerodeasiento,codigosucursal) VALUES('salAL002','970','2AL');
INSERT INTO public.butaca(salaid,numerodeasiento,codigosucursal) VALUES('salAL002','971','2AL');
INSERT INTO public.butaca(salaid,numerodeasiento,codigosucursal) VALUES('salAL002','972','2AL');
INSERT INTO public.butaca(salaid,numerodeasiento,codigosucursal) VALUES('salAL002','973','2AL');
INSERT INTO public.butaca(salaid,numerodeasiento,codigosucursal) VALUES('salAL002','974','2AL');
INSERT INTO public.butaca(salaid,numerodeasiento,codigosucursal) VALUES('salAL002','975','2AL');
INSERT INTO public.butaca(salaid,numerodeasiento,codigosucursal) VALUES('salAL002','976','2AL');
INSERT INTO public.butaca(salaid,numerodeasiento,codigosucursal) VALUES('salAL002','977','2AL');
INSERT INTO public.butaca(salaid,numerodeasiento,codigosucursal) VALUES('salAL002','978','2AL');
INSERT INTO public.butaca(salaid,numerodeasiento,codigosucursal) VALUES('salAL002','979','2AL');
INSERT INTO public.butaca(salaid,numerodeasiento,codigosucursal) VALUES('salAL002','980','2AL');
INSERT INTO public.butaca(salaid,numerodeasiento,codigosucursal) VALUES('salAL002','981','2AL');
INSERT INTO public.butaca(salaid,numerodeasiento,codigosucursal) VALUES('salAL002','982','2AL');
INSERT INTO public.butaca(salaid,numerodeasiento,codigosucursal) VALUES('salAL002','983','2AL');
INSERT INTO public.butaca(salaid,numerodeasiento,codigosucursal) VALUES('salAL002','984','2AL');
INSERT INTO public.butaca(salaid,numerodeasiento,codigosucursal) VALUES('salAL002','985','2AL');
INSERT INTO public.butaca(salaid,numerodeasiento,codigosucursal) VALUES('salAL002','986','2AL');
INSERT INTO public.butaca(salaid,numerodeasiento,codigosucursal) VALUES('salAL002','987','2AL');
INSERT INTO public.butaca(salaid,numerodeasiento,codigosucursal) VALUES('salAL002','988','2AL');
INSERT INTO public.butaca(salaid,numerodeasiento,codigosucursal) VALUES('salAL002','989','2AL');
INSERT INTO public.butaca(salaid,numerodeasiento,codigosucursal) VALUES('salAL002','990','2AL');
INSERT INTO public.butaca(salaid,numerodeasiento,codigosucursal) VALUES('salAL002','991','2AL');
INSERT INTO public.butaca(salaid,numerodeasiento,codigosucursal) VALUES('salAL002','992','2AL');
INSERT INTO public.butaca(salaid,numerodeasiento,codigosucursal) VALUES('salAL002','993','2AL');
INSERT INTO public.butaca(salaid,numerodeasiento,codigosucursal) VALUES('salAL002','994','2AL');
INSERT INTO public.butaca(salaid,numerodeasiento,codigosucursal) VALUES('salAL002','995','2AL');
INSERT INTO public.butaca(salaid,numerodeasiento,codigosucursal) VALUES('salAL002','996','2AL');
INSERT INTO public.butaca(salaid,numerodeasiento,codigosucursal) VALUES('salAL002','997','2AL');
INSERT INTO public.butaca(salaid,numerodeasiento,codigosucursal) VALUES('salAL002','998','2AL');
INSERT INTO public.butaca(salaid,numerodeasiento,codigosucursal) VALUES('salAL002','999','2AL');
INSERT INTO public.butaca(salaid,numerodeasiento,codigosucursal) VALUES('salAL002','1000','2AL');
INSERT INTO public.butaca(salaid,numerodeasiento,codigosucursal) VALUES('salAL002','1001','2AL');
INSERT INTO public.butaca(salaid,numerodeasiento,codigosucursal) VALUES('salAL002','1002','2AL');
INSERT INTO public.butaca(salaid,numerodeasiento,codigosucursal) VALUES('salAL002','1003','2AL');
INSERT INTO public.butaca(salaid,numerodeasiento,codigosucursal) VALUES('salAL002','1004','2AL');
INSERT INTO public.butaca(salaid,numerodeasiento,codigosucursal) VALUES('salAL002','1005','2AL');
INSERT INTO public.butaca(salaid,numerodeasiento,codigosucursal) VALUES('salAL002','1006','2AL');
INSERT INTO public.butaca(salaid,numerodeasiento,codigosucursal) VALUES('salAL002','1007','2AL');
INSERT INTO public.butaca(salaid,numerodeasiento,codigosucursal) VALUES('salAL002','1008','2AL');
INSERT INTO public.butaca(salaid,numerodeasiento,codigosucursal) VALUES('salAL002','1009','2AL');
INSERT INTO public.butaca(salaid,numerodeasiento,codigosucursal) VALUES('salAL002','1010','2AL');
INSERT INTO public.butaca(salaid,numerodeasiento,codigosucursal) VALUES('salAL002','1011','2AL');
INSERT INTO public.butaca(salaid,numerodeasiento,codigosucursal) VALUES('salAL002','1012','2AL');
INSERT INTO public.butaca(salaid,numerodeasiento,codigosucursal) VALUES('salAL002','1013','2AL');
INSERT INTO public.butaca(salaid,numerodeasiento,codigosucursal) VALUES('salAL002','1014','2AL');
INSERT INTO public.butaca(salaid,numerodeasiento,codigosucursal) VALUES('salAL002','1015','2AL');
INSERT INTO public.butaca(salaid,numerodeasiento,codigosucursal) VALUES('salAL002','1016','2AL');
INSERT INTO public.butaca(salaid,numerodeasiento,codigosucursal) VALUES('salAL002','1017','2AL');
INSERT INTO public.butaca(salaid,numerodeasiento,codigosucursal) VALUES('salAL002','1018','2AL');
INSERT INTO public.butaca(salaid,numerodeasiento,codigosucursal) VALUES('salAL002','1019','2AL');
INSERT INTO public.butaca(salaid,numerodeasiento,codigosucursal) VALUES('salAL002','1020','2AL');
INSERT INTO public.butaca(salaid,numerodeasiento,codigosucursal) VALUES('salAL002','1021','2AL');
INSERT INTO public.butaca(salaid,numerodeasiento,codigosucursal) VALUES('salAL002','1022','2AL');
INSERT INTO public.butaca(salaid,numerodeasiento,codigosucursal) VALUES('salAL002','1023','2AL');
INSERT INTO public.butaca(salaid,numerodeasiento,codigosucursal) VALUES('salAL002','1024','2AL');
INSERT INTO public.butaca(salaid,numerodeasiento,codigosucursal) VALUES('salAL002','1025','2AL');
INSERT INTO public.butaca(salaid,numerodeasiento,codigosucursal) VALUES('salAL002','1026','2AL');
INSERT INTO public.butaca(salaid,numerodeasiento,codigosucursal) VALUES('salAL002','1027','2AL');
INSERT INTO public.butaca(salaid,numerodeasiento,codigosucursal) VALUES('salAL002','1028','2AL');
INSERT INTO public.butaca(salaid,numerodeasiento,codigosucursal) VALUES('salAL002','1029','2AL');
INSERT INTO public.butaca(salaid,numerodeasiento,codigosucursal) VALUES('salAL002','1030','2AL');
INSERT INTO public.butaca(salaid,numerodeasiento,codigosucursal) VALUES('salAL002','1031','2AL');
INSERT INTO public.butaca(salaid,numerodeasiento,codigosucursal) VALUES('salAL002','1032','2AL');
INSERT INTO public.butaca(salaid,numerodeasiento,codigosucursal) VALUES('salAL002','1033','2AL');
INSERT INTO public.butaca(salaid,numerodeasiento,codigosucursal) VALUES('salAL002','1034','2AL');
INSERT INTO public.butaca(salaid,numerodeasiento,codigosucursal) VALUES('salAL002','1035','2AL');
INSERT INTO public.butaca(salaid,numerodeasiento,codigosucursal) VALUES('salAL002','1036','2AL');
INSERT INTO public.butaca(salaid,numerodeasiento,codigosucursal) VALUES('salAL002','1037','2AL');
INSERT INTO public.butaca(salaid,numerodeasiento,codigosucursal) VALUES('salAL002','1038','2AL');
INSERT INTO public.butaca(salaid,numerodeasiento,codigosucursal) VALUES('salAL002','1039','2AL');
INSERT INTO public.butaca(salaid,numerodeasiento,codigosucursal) VALUES('salAL002','1040','2AL');
INSERT INTO public.butaca(salaid,numerodeasiento,codigosucursal) VALUES('salAL002','1041','2AL');
INSERT INTO public.butaca(salaid,numerodeasiento,codigosucursal) VALUES('salAL002','1042','2AL');
INSERT INTO public.butaca(salaid,numerodeasiento,codigosucursal) VALUES('salAL002','1043','2AL');
INSERT INTO public.butaca(salaid,numerodeasiento,codigosucursal) VALUES('salAL002','1044','2AL');
INSERT INTO public.butaca(salaid,numerodeasiento,codigosucursal) VALUES('salAL002','1045','2AL');
INSERT INTO public.butaca(salaid,numerodeasiento,codigosucursal) VALUES('salAL002','1046','2AL');
INSERT INTO public.butaca(salaid,numerodeasiento,codigosucursal) VALUES('salAL002','1047','2AL');
INSERT INTO public.butaca(salaid,numerodeasiento,codigosucursal) VALUES('salAL002','1048','2AL');
INSERT INTO public.butaca(salaid,numerodeasiento,codigosucursal) VALUES('salAL002','1049','2AL');
INSERT INTO public.butaca(salaid,numerodeasiento,codigosucursal) VALUES('salAL002','1050','2AL');
INSERT INTO public.butaca(salaid,numerodeasiento,codigosucursal) VALUES('salAL002','1051','2AL');
INSERT INTO public.butaca(salaid,numerodeasiento,codigosucursal) VALUES('salAL002','1052','2AL');
INSERT INTO public.butaca(salaid,numerodeasiento,codigosucursal) VALUES('salAL002','1053','2AL');
INSERT INTO public.butaca(salaid,numerodeasiento,codigosucursal) VALUES('salAL002','1054','2AL');
INSERT INTO public.butaca(salaid,numerodeasiento,codigosucursal) VALUES('salAL002','1055','2AL');
INSERT INTO public.butaca(salaid,numerodeasiento,codigosucursal) VALUES('salAL002','1056','2AL');
INSERT INTO public.butaca(salaid,numerodeasiento,codigosucursal) VALUES('salAL002','1057','2AL');
INSERT INTO public.butaca(salaid,numerodeasiento,codigosucursal) VALUES('salAL002','1058','2AL');
INSERT INTO public.butaca(salaid,numerodeasiento,codigosucursal) VALUES('salAL002','1059','2AL');
INSERT INTO public.butaca(salaid,numerodeasiento,codigosucursal) VALUES('salAL002','1060','2AL');
INSERT INTO public.butaca(salaid,numerodeasiento,codigosucursal) VALUES('salAL002','1061','2AL');
INSERT INTO public.butaca(salaid,numerodeasiento,codigosucursal) VALUES('salAL002','1062','2AL');
INSERT INTO public.butaca(salaid,numerodeasiento,codigosucursal) VALUES('salAL002','1063','2AL');
INSERT INTO public.butaca(salaid,numerodeasiento,codigosucursal) VALUES('salAL002','1064','2AL');
INSERT INTO public.butaca(salaid,numerodeasiento,codigosucursal) VALUES('salAL002','1065','2AL');
INSERT INTO public.butaca(salaid,numerodeasiento,codigosucursal) VALUES('salAL002','1066','2AL');
INSERT INTO public.butaca(salaid,numerodeasiento,codigosucursal) VALUES('salAL002','1067','2AL');
INSERT INTO public.butaca(salaid,numerodeasiento,codigosucursal) VALUES('salAL002','1068','2AL');
INSERT INTO public.butaca(salaid,numerodeasiento,codigosucursal) VALUES('salAL002','1069','2AL');
INSERT INTO public.butaca(salaid,numerodeasiento,codigosucursal) VALUES('salAL002','1070','2AL');
INSERT INTO public.butaca(salaid,numerodeasiento,codigosucursal) VALUES('salAL002','1071','2AL');
INSERT INTO public.butaca(salaid,numerodeasiento,codigosucursal) VALUES('salAL002','1072','2AL');
INSERT INTO public.butaca(salaid,numerodeasiento,codigosucursal) VALUES('salAL002','1073','2AL');
INSERT INTO public.butaca(salaid,numerodeasiento,codigosucursal) VALUES('salAL002','1074','2AL');
INSERT INTO public.butaca(salaid,numerodeasiento,codigosucursal) VALUES('salAL002','1075','2AL');
INSERT INTO public.butaca(salaid,numerodeasiento,codigosucursal) VALUES('salAL002','1076','2AL');
INSERT INTO public.butaca(salaid,numerodeasiento,codigosucursal) VALUES('salAL002','1077','2AL');
INSERT INTO public.butaca(salaid,numerodeasiento,codigosucursal) VALUES('salAL002','1078','2AL');
INSERT INTO public.butaca(salaid,numerodeasiento,codigosucursal) VALUES('salAL002','1079','2AL');
INSERT INTO public.butaca(salaid,numerodeasiento,codigosucursal) VALUES('salAL002','1080','2AL');


/*Insercion a butacaxfuncion de los "no permitidos"*/
INSERT INTO public.butacaxfuncion(funcionid,numerodeasiento) VALUES('24105pmHs1',1);
INSERT INTO public.butacaxfuncion(funcionid,numerodeasiento) VALUES('24105pmHs1',2);
INSERT INTO public.butacaxfuncion(funcionid,numerodeasiento) VALUES('24105pmHs1',3);
INSERT INTO public.butacaxfuncion(funcionid,numerodeasiento) VALUES('24105pmHs1',4);
INSERT INTO public.butacaxfuncion(funcionid,numerodeasiento) VALUES('2410120pmHs1',5);
INSERT INTO public.butacaxfuncion(funcionid,numerodeasiento) VALUES('2410120pmHs1',6);
INSERT INTO public.butacaxfuncion(funcionid,numerodeasiento) VALUES('2410120pmHs1',7);
INSERT INTO public.butacaxfuncion(funcionid,numerodeasiento) VALUES('2410120pmHs1',8);
INSERT INTO public.butacaxfuncion(funcionid,numerodeasiento) VALUES('24101120amHs1',9);
INSERT INTO public.butacaxfuncion(funcionid,numerodeasiento) VALUES('24101120amHs1',10);
INSERT INTO public.butacaxfuncion(funcionid,numerodeasiento) VALUES('24101120amHs1',11);
INSERT INTO public.butacaxfuncion(funcionid,numerodeasiento) VALUES('24101120amHs1',12);
INSERT INTO public.butacaxfuncion(funcionid,numerodeasiento) VALUES('25105pmHs1',13);
INSERT INTO public.butacaxfuncion(funcionid,numerodeasiento) VALUES('25105pmHs1',14);
INSERT INTO public.butacaxfuncion(funcionid,numerodeasiento) VALUES('25105pmHs1',15);
INSERT INTO public.butacaxfuncion(funcionid,numerodeasiento) VALUES('25105pmHs1',16);
INSERT INTO public.butacaxfuncion(funcionid,numerodeasiento) VALUES('2510120pmHs1',17);
INSERT INTO public.butacaxfuncion(funcionid,numerodeasiento) VALUES('2510120pmHs1',18);
INSERT INTO public.butacaxfuncion(funcionid,numerodeasiento) VALUES('2510120pmHs1',19);
INSERT INTO public.butacaxfuncion(funcionid,numerodeasiento) VALUES('2510120pmHs1',20);
INSERT INTO public.butacaxfuncion(funcionid,numerodeasiento) VALUES('2510120pmHs1',21);
INSERT INTO public.butacaxfuncion(funcionid,numerodeasiento) VALUES('2510120pmHs1',22);
INSERT INTO public.butacaxfuncion(funcionid,numerodeasiento) VALUES('25101120amHs1',23);
INSERT INTO public.butacaxfuncion(funcionid,numerodeasiento) VALUES('25101120amHs1',24);
INSERT INTO public.butacaxfuncion(funcionid,numerodeasiento) VALUES('25101120amHs1',25);
INSERT INTO public.butacaxfuncion(funcionid,numerodeasiento) VALUES('25101120amHs1',26);
INSERT INTO public.butacaxfuncion(funcionid,numerodeasiento) VALUES('25101120amHs1',27);
INSERT INTO public.butacaxfuncion(funcionid,numerodeasiento) VALUES('24105pmCs1',271);
INSERT INTO public.butacaxfuncion(funcionid,numerodeasiento) VALUES('24105pmCs1',272);
INSERT INTO public.butacaxfuncion(funcionid,numerodeasiento) VALUES('24105pmCs1',273);
INSERT INTO public.butacaxfuncion(funcionid,numerodeasiento) VALUES('24105pmCs1',274);
INSERT INTO public.butacaxfuncion(funcionid,numerodeasiento) VALUES('24105pmCs1',275);
INSERT INTO public.butacaxfuncion(funcionid,numerodeasiento) VALUES('2410120pmCs1',276);
INSERT INTO public.butacaxfuncion(funcionid,numerodeasiento) VALUES('2410120pmCs1',277);
INSERT INTO public.butacaxfuncion(funcionid,numerodeasiento) VALUES('2410120pmCs1',278);
INSERT INTO public.butacaxfuncion(funcionid,numerodeasiento) VALUES('2410120pmCs1',279);
INSERT INTO public.butacaxfuncion(funcionid,numerodeasiento) VALUES('2410120pmCs1',280);
INSERT INTO public.butacaxfuncion(funcionid,numerodeasiento) VALUES('24101120amCs1',281);
INSERT INTO public.butacaxfuncion(funcionid,numerodeasiento) VALUES('24101120amCs1',282);
INSERT INTO public.butacaxfuncion(funcionid,numerodeasiento) VALUES('24101120amCs1',283);
INSERT INTO public.butacaxfuncion(funcionid,numerodeasiento) VALUES('24101120amCs1',284);
INSERT INTO public.butacaxfuncion(funcionid,numerodeasiento) VALUES('24101120amCs1',285);
INSERT INTO public.butacaxfuncion(funcionid,numerodeasiento) VALUES('25105pmCs1',286);
INSERT INTO public.butacaxfuncion(funcionid,numerodeasiento) VALUES('25105pmCs1',287);
INSERT INTO public.butacaxfuncion(funcionid,numerodeasiento) VALUES('25105pmCs1',288);
INSERT INTO public.butacaxfuncion(funcionid,numerodeasiento) VALUES('25105pmCs1',289);
INSERT INTO public.butacaxfuncion(funcionid,numerodeasiento) VALUES('25105pmCs1',290);
INSERT INTO public.butacaxfuncion(funcionid,numerodeasiento) VALUES('2510120pmCs1',291);
INSERT INTO public.butacaxfuncion(funcionid,numerodeasiento) VALUES('2510120pmCs1',292);
INSERT INTO public.butacaxfuncion(funcionid,numerodeasiento) VALUES('2510120pmCs1',293);
INSERT INTO public.butacaxfuncion(funcionid,numerodeasiento) VALUES('2510120pmCs1',294);
INSERT INTO public.butacaxfuncion(funcionid,numerodeasiento) VALUES('2510120pmCs1',295);
INSERT INTO public.butacaxfuncion(funcionid,numerodeasiento) VALUES('25101120amCs1',296);
INSERT INTO public.butacaxfuncion(funcionid,numerodeasiento) VALUES('25101120amCs1',297);
INSERT INTO public.butacaxfuncion(funcionid,numerodeasiento) VALUES('25101120amCs1',298);
INSERT INTO public.butacaxfuncion(funcionid,numerodeasiento) VALUES('25101120amCs1',299);
INSERT INTO public.butacaxfuncion(funcionid,numerodeasiento) VALUES('25101120amCs1',300);
INSERT INTO public.butacaxfuncion(funcionid,numerodeasiento) VALUES('25101120amCs1',301);
INSERT INTO public.butacaxfuncion(funcionid,numerodeasiento) VALUES('24105pmCs2',406);
INSERT INTO public.butacaxfuncion(funcionid,numerodeasiento) VALUES('24105pmCs2',407);
INSERT INTO public.butacaxfuncion(funcionid,numerodeasiento) VALUES('24105pmCs2',408);
INSERT INTO public.butacaxfuncion(funcionid,numerodeasiento) VALUES('24105pmCs2',409);
INSERT INTO public.butacaxfuncion(funcionid,numerodeasiento) VALUES('24105pmCs2',410);
INSERT INTO public.butacaxfuncion(funcionid,numerodeasiento) VALUES('24105pmCs2',411);
INSERT INTO public.butacaxfuncion(funcionid,numerodeasiento) VALUES('2410120pmCs2',412);
INSERT INTO public.butacaxfuncion(funcionid,numerodeasiento) VALUES('2410120pmCs2',413);
INSERT INTO public.butacaxfuncion(funcionid,numerodeasiento) VALUES('2410120pmCs2',414);
INSERT INTO public.butacaxfuncion(funcionid,numerodeasiento) VALUES('2410120pmCs2',415);
INSERT INTO public.butacaxfuncion(funcionid,numerodeasiento) VALUES('2410120pmCs2',416);
INSERT INTO public.butacaxfuncion(funcionid,numerodeasiento) VALUES('2410120pmCs2',417);
INSERT INTO public.butacaxfuncion(funcionid,numerodeasiento) VALUES('24101120amCs2',418);
INSERT INTO public.butacaxfuncion(funcionid,numerodeasiento) VALUES('24101120amCs2',419);
INSERT INTO public.butacaxfuncion(funcionid,numerodeasiento) VALUES('24101120amCs2',420);
INSERT INTO public.butacaxfuncion(funcionid,numerodeasiento) VALUES('24101120amCs2',421);
INSERT INTO public.butacaxfuncion(funcionid,numerodeasiento) VALUES('24101120amCs2',422);
INSERT INTO public.butacaxfuncion(funcionid,numerodeasiento) VALUES('24101120amCs2',423);
INSERT INTO public.butacaxfuncion(funcionid,numerodeasiento) VALUES('25105pmCs2',424);
INSERT INTO public.butacaxfuncion(funcionid,numerodeasiento) VALUES('25105pmCs2',425);
INSERT INTO public.butacaxfuncion(funcionid,numerodeasiento) VALUES('25105pmCs2',426);
INSERT INTO public.butacaxfuncion(funcionid,numerodeasiento) VALUES('25105pmCs2',427);
INSERT INTO public.butacaxfuncion(funcionid,numerodeasiento) VALUES('25105pmCs2',428);
INSERT INTO public.butacaxfuncion(funcionid,numerodeasiento) VALUES('2510120pmCs2',429);
INSERT INTO public.butacaxfuncion(funcionid,numerodeasiento) VALUES('2510120pmCs2',430);
INSERT INTO public.butacaxfuncion(funcionid,numerodeasiento) VALUES('2510120pmCs2',431);
INSERT INTO public.butacaxfuncion(funcionid,numerodeasiento) VALUES('2510120pmCs2',432);
INSERT INTO public.butacaxfuncion(funcionid,numerodeasiento) VALUES('2510120pmCs2',433);
INSERT INTO public.butacaxfuncion(funcionid,numerodeasiento) VALUES('25101120amCs2',434);
INSERT INTO public.butacaxfuncion(funcionid,numerodeasiento) VALUES('25101120amCs2',435);
INSERT INTO public.butacaxfuncion(funcionid,numerodeasiento) VALUES('25101120amCs2',436);
INSERT INTO public.butacaxfuncion(funcionid,numerodeasiento) VALUES('25101120amCs2',437);
INSERT INTO public.butacaxfuncion(funcionid,numerodeasiento) VALUES('25101120amCs2',438);
INSERT INTO public.butacaxfuncion(funcionid,numerodeasiento) VALUES('25101120amCs2',439);
INSERT INTO public.butacaxfuncion(funcionid,numerodeasiento) VALUES('24105pmSs1',541);
INSERT INTO public.butacaxfuncion(funcionid,numerodeasiento) VALUES('24105pmSs1',542);
INSERT INTO public.butacaxfuncion(funcionid,numerodeasiento) VALUES('24105pmSs1',543);
INSERT INTO public.butacaxfuncion(funcionid,numerodeasiento) VALUES('24105pmSs1',544);
INSERT INTO public.butacaxfuncion(funcionid,numerodeasiento) VALUES('24105pmSs1',545);
INSERT INTO public.butacaxfuncion(funcionid,numerodeasiento) VALUES('24105pmSs1',546);
INSERT INTO public.butacaxfuncion(funcionid,numerodeasiento) VALUES('24105pmSs1',547);
INSERT INTO public.butacaxfuncion(funcionid,numerodeasiento) VALUES('2410120pmSs1',548);
INSERT INTO public.butacaxfuncion(funcionid,numerodeasiento) VALUES('2410120pmSs1',549);
INSERT INTO public.butacaxfuncion(funcionid,numerodeasiento) VALUES('2410120pmSs1',550);
INSERT INTO public.butacaxfuncion(funcionid,numerodeasiento) VALUES('2410120pmSs1',551);
INSERT INTO public.butacaxfuncion(funcionid,numerodeasiento) VALUES('2410120pmSs1',552);
INSERT INTO public.butacaxfuncion(funcionid,numerodeasiento) VALUES('2410120pmSs1',553);
INSERT INTO public.butacaxfuncion(funcionid,numerodeasiento) VALUES('2410120pmSs1',554);
INSERT INTO public.butacaxfuncion(funcionid,numerodeasiento) VALUES('2410120pmSs1',555);
INSERT INTO public.butacaxfuncion(funcionid,numerodeasiento) VALUES('24101120amSs1',556);
INSERT INTO public.butacaxfuncion(funcionid,numerodeasiento) VALUES('24101120amSs1',557);
INSERT INTO public.butacaxfuncion(funcionid,numerodeasiento) VALUES('24101120amSs1',558);
INSERT INTO public.butacaxfuncion(funcionid,numerodeasiento) VALUES('24101120amSs1',559);
INSERT INTO public.butacaxfuncion(funcionid,numerodeasiento) VALUES('24101120amSs1',560);
INSERT INTO public.butacaxfuncion(funcionid,numerodeasiento) VALUES('24101120amSs1',561);
INSERT INTO public.butacaxfuncion(funcionid,numerodeasiento) VALUES('25105pmSs1',562);
INSERT INTO public.butacaxfuncion(funcionid,numerodeasiento) VALUES('25105pmSs1',563);
INSERT INTO public.butacaxfuncion(funcionid,numerodeasiento) VALUES('25105pmSs1',564);
INSERT INTO public.butacaxfuncion(funcionid,numerodeasiento) VALUES('25105pmSs1',565);
INSERT INTO public.butacaxfuncion(funcionid,numerodeasiento) VALUES('25105pmSs1',566);
INSERT INTO public.butacaxfuncion(funcionid,numerodeasiento) VALUES('25105pmSs1',567);
INSERT INTO public.butacaxfuncion(funcionid,numerodeasiento) VALUES('25105pmSs1',568);
INSERT INTO public.butacaxfuncion(funcionid,numerodeasiento) VALUES('25105pmSs1',569);
INSERT INTO public.butacaxfuncion(funcionid,numerodeasiento) VALUES('2510120pmSs1',570);
INSERT INTO public.butacaxfuncion(funcionid,numerodeasiento) VALUES('2510120pmSs1',571);
INSERT INTO public.butacaxfuncion(funcionid,numerodeasiento) VALUES('2510120pmSs1',572);
INSERT INTO public.butacaxfuncion(funcionid,numerodeasiento) VALUES('2510120pmSs1',573);
INSERT INTO public.butacaxfuncion(funcionid,numerodeasiento) VALUES('2510120pmSs1',574);
INSERT INTO public.butacaxfuncion(funcionid,numerodeasiento) VALUES('25101120amSs1',577);
INSERT INTO public.butacaxfuncion(funcionid,numerodeasiento) VALUES('25101120amSs1',578);
INSERT INTO public.butacaxfuncion(funcionid,numerodeasiento) VALUES('25101120amSs1',579);
INSERT INTO public.butacaxfuncion(funcionid,numerodeasiento) VALUES('25101120amSs1',580);
INSERT INTO public.butacaxfuncion(funcionid,numerodeasiento) VALUES('25101120amSs1',581);
INSERT INTO public.butacaxfuncion(funcionid,numerodeasiento) VALUES('24105pmSs2',676);
INSERT INTO public.butacaxfuncion(funcionid,numerodeasiento) VALUES('24105pmSs2',677);
INSERT INTO public.butacaxfuncion(funcionid,numerodeasiento) VALUES('24105pmSs2',678);
INSERT INTO public.butacaxfuncion(funcionid,numerodeasiento) VALUES('24105pmSs2',679);
INSERT INTO public.butacaxfuncion(funcionid,numerodeasiento) VALUES('24105pmSs2',680);
INSERT INTO public.butacaxfuncion(funcionid,numerodeasiento) VALUES('24105pmSs2',681);
INSERT INTO public.butacaxfuncion(funcionid,numerodeasiento) VALUES('24105pmSs2',682);
INSERT INTO public.butacaxfuncion(funcionid,numerodeasiento) VALUES('2410120pmSs2',683);
INSERT INTO public.butacaxfuncion(funcionid,numerodeasiento) VALUES('2410120pmSs2',684);
INSERT INTO public.butacaxfuncion(funcionid,numerodeasiento) VALUES('2410120pmSs2',685);
INSERT INTO public.butacaxfuncion(funcionid,numerodeasiento) VALUES('2410120pmSs2',686);
INSERT INTO public.butacaxfuncion(funcionid,numerodeasiento) VALUES('2410120pmSs2',687);
INSERT INTO public.butacaxfuncion(funcionid,numerodeasiento) VALUES('2410120pmSs2',688);
INSERT INTO public.butacaxfuncion(funcionid,numerodeasiento) VALUES('2410120pmSs2',689);
INSERT INTO public.butacaxfuncion(funcionid,numerodeasiento) VALUES('24101120amSs2',690);
INSERT INTO public.butacaxfuncion(funcionid,numerodeasiento) VALUES('24101120amSs2',691);
INSERT INTO public.butacaxfuncion(funcionid,numerodeasiento) VALUES('24101120amSs2',692);
INSERT INTO public.butacaxfuncion(funcionid,numerodeasiento) VALUES('24101120amSs2',693);
INSERT INTO public.butacaxfuncion(funcionid,numerodeasiento) VALUES('24101120amSs2',694);
INSERT INTO public.butacaxfuncion(funcionid,numerodeasiento) VALUES('24101120amSs2',695);
INSERT INTO public.butacaxfuncion(funcionid,numerodeasiento) VALUES('25105pmSs2',696);
INSERT INTO public.butacaxfuncion(funcionid,numerodeasiento) VALUES('25105pmSs2',697);
INSERT INTO public.butacaxfuncion(funcionid,numerodeasiento) VALUES('25105pmSs2',698);
INSERT INTO public.butacaxfuncion(funcionid,numerodeasiento) VALUES('25105pmSs2',699);
INSERT INTO public.butacaxfuncion(funcionid,numerodeasiento) VALUES('25105pmSs2',700);
INSERT INTO public.butacaxfuncion(funcionid,numerodeasiento) VALUES('25105pmSs2',701);
INSERT INTO public.butacaxfuncion(funcionid,numerodeasiento) VALUES('25105pmSs2',702);
INSERT INTO public.butacaxfuncion(funcionid,numerodeasiento) VALUES('2510120pmSs2',703);
INSERT INTO public.butacaxfuncion(funcionid,numerodeasiento) VALUES('2510120pmSs2',704);
INSERT INTO public.butacaxfuncion(funcionid,numerodeasiento) VALUES('2510120pmSs2',705);
INSERT INTO public.butacaxfuncion(funcionid,numerodeasiento) VALUES('2510120pmSs2',706);
INSERT INTO public.butacaxfuncion(funcionid,numerodeasiento) VALUES('2510120pmSs2',707);
INSERT INTO public.butacaxfuncion(funcionid,numerodeasiento) VALUES('2510120pmSs2',708);
INSERT INTO public.butacaxfuncion(funcionid,numerodeasiento) VALUES('25101120amSs2',709);
INSERT INTO public.butacaxfuncion(funcionid,numerodeasiento) VALUES('25101120amSs2',710);
INSERT INTO public.butacaxfuncion(funcionid,numerodeasiento) VALUES('25101120amSs2',711);
INSERT INTO public.butacaxfuncion(funcionid,numerodeasiento) VALUES('25101120amSs2',712);
INSERT INTO public.butacaxfuncion(funcionid,numerodeasiento) VALUES('25101120amSs2',713);
INSERT INTO public.butacaxfuncion(funcionid,numerodeasiento) VALUES('25101120amSs2',714);
INSERT INTO public.butacaxfuncion(funcionid,numerodeasiento) VALUES('25101120amSs2',715);
INSERT INTO public.butacaxfuncion(funcionid,numerodeasiento) VALUES('24105pmAs1',811);
INSERT INTO public.butacaxfuncion(funcionid,numerodeasiento) VALUES('24105pmAs1',812);
INSERT INTO public.butacaxfuncion(funcionid,numerodeasiento) VALUES('24105pmAs1',813);
INSERT INTO public.butacaxfuncion(funcionid,numerodeasiento) VALUES('24105pmAs1',814);
INSERT INTO public.butacaxfuncion(funcionid,numerodeasiento) VALUES('24105pmAs1',815);
INSERT INTO public.butacaxfuncion(funcionid,numerodeasiento) VALUES('24105pmAs1',816);
INSERT INTO public.butacaxfuncion(funcionid,numerodeasiento) VALUES('2410120pmAs1',817);
INSERT INTO public.butacaxfuncion(funcionid,numerodeasiento) VALUES('2410120pmAs1',818);
INSERT INTO public.butacaxfuncion(funcionid,numerodeasiento) VALUES('2410120pmAs1',819);
INSERT INTO public.butacaxfuncion(funcionid,numerodeasiento) VALUES('2410120pmAs1',820);
INSERT INTO public.butacaxfuncion(funcionid,numerodeasiento) VALUES('2410120pmAs1',821);
INSERT INTO public.butacaxfuncion(funcionid,numerodeasiento) VALUES('24101120amAs1',822);
INSERT INTO public.butacaxfuncion(funcionid,numerodeasiento) VALUES('24101120amAs1',823);
INSERT INTO public.butacaxfuncion(funcionid,numerodeasiento) VALUES('24101120amAs1',824);
INSERT INTO public.butacaxfuncion(funcionid,numerodeasiento) VALUES('24101120amAs1',825);
INSERT INTO public.butacaxfuncion(funcionid,numerodeasiento) VALUES('24101120amAs1',826);
INSERT INTO public.butacaxfuncion(funcionid,numerodeasiento) VALUES('24101120amAs1',827);
INSERT INTO public.butacaxfuncion(funcionid,numerodeasiento) VALUES('25105pmAs1',828);
INSERT INTO public.butacaxfuncion(funcionid,numerodeasiento) VALUES('25105pmAs1',829);
INSERT INTO public.butacaxfuncion(funcionid,numerodeasiento) VALUES('25105pmAs1',830);
INSERT INTO public.butacaxfuncion(funcionid,numerodeasiento) VALUES('25105pmAs1',831);
INSERT INTO public.butacaxfuncion(funcionid,numerodeasiento) VALUES('25105pmAs1',832);
INSERT INTO public.butacaxfuncion(funcionid,numerodeasiento) VALUES('2510120pmAs1',833);
INSERT INTO public.butacaxfuncion(funcionid,numerodeasiento) VALUES('2510120pmAs1',834);
INSERT INTO public.butacaxfuncion(funcionid,numerodeasiento) VALUES('2510120pmAs1',835);
INSERT INTO public.butacaxfuncion(funcionid,numerodeasiento) VALUES('2510120pmAs1',836);
INSERT INTO public.butacaxfuncion(funcionid,numerodeasiento) VALUES('2510120pmAs1',837);
INSERT INTO public.butacaxfuncion(funcionid,numerodeasiento) VALUES('2510120pmAs1',838);
INSERT INTO public.butacaxfuncion(funcionid,numerodeasiento) VALUES('25101120amAs1',839);
INSERT INTO public.butacaxfuncion(funcionid,numerodeasiento) VALUES('25101120amAs1',840);
INSERT INTO public.butacaxfuncion(funcionid,numerodeasiento) VALUES('25101120amAs1',841);
INSERT INTO public.butacaxfuncion(funcionid,numerodeasiento) VALUES('25101120amAs1',842);
INSERT INTO public.butacaxfuncion(funcionid,numerodeasiento) VALUES('25101120amAs1',843);
INSERT INTO public.butacaxfuncion(funcionid,numerodeasiento) VALUES('25101120amAs1',844);
INSERT INTO public.butacaxfuncion(funcionid,numerodeasiento) VALUES('25101120amAs1',845);
INSERT INTO public.butacaxfuncion(funcionid,numerodeasiento) VALUES('24105pmAs1',945);
INSERT INTO public.butacaxfuncion(funcionid,numerodeasiento) VALUES('24105pmAs2',946);
INSERT INTO public.butacaxfuncion(funcionid,numerodeasiento) VALUES('24105pmAs2',947);
INSERT INTO public.butacaxfuncion(funcionid,numerodeasiento) VALUES('24105pmAs2',948);
INSERT INTO public.butacaxfuncion(funcionid,numerodeasiento) VALUES('24105pmAs2',949);
INSERT INTO public.butacaxfuncion(funcionid,numerodeasiento) VALUES('24105pmAs2',950);
INSERT INTO public.butacaxfuncion(funcionid,numerodeasiento) VALUES('24105pmAs2',951);
INSERT INTO public.butacaxfuncion(funcionid,numerodeasiento) VALUES('2410120pmAs2',952);
INSERT INTO public.butacaxfuncion(funcionid,numerodeasiento) VALUES('2410120pmAs2',953);
INSERT INTO public.butacaxfuncion(funcionid,numerodeasiento) VALUES('2410120pmAs2',954);
INSERT INTO public.butacaxfuncion(funcionid,numerodeasiento) VALUES('2410120pmAs2',955);
INSERT INTO public.butacaxfuncion(funcionid,numerodeasiento) VALUES('2410120pmAs2',956);
INSERT INTO public.butacaxfuncion(funcionid,numerodeasiento) VALUES('2410120pmAs2',957);
INSERT INTO public.butacaxfuncion(funcionid,numerodeasiento) VALUES('2410120pmAs2',958);
INSERT INTO public.butacaxfuncion(funcionid,numerodeasiento) VALUES('2410120pmAs2',959);
INSERT INTO public.butacaxfuncion(funcionid,numerodeasiento) VALUES('24101120amAs2',960);
INSERT INTO public.butacaxfuncion(funcionid,numerodeasiento) VALUES('24101120amAs2',961);
INSERT INTO public.butacaxfuncion(funcionid,numerodeasiento) VALUES('24101120amAs2',962);
INSERT INTO public.butacaxfuncion(funcionid,numerodeasiento) VALUES('24101120amAs2',963);
INSERT INTO public.butacaxfuncion(funcionid,numerodeasiento) VALUES('24101120amAs2',964);
INSERT INTO public.butacaxfuncion(funcionid,numerodeasiento) VALUES('24101120amAs2',965);
INSERT INTO public.butacaxfuncion(funcionid,numerodeasiento) VALUES('25105pmAs2',966);
INSERT INTO public.butacaxfuncion(funcionid,numerodeasiento) VALUES('25105pmAs2',967);
INSERT INTO public.butacaxfuncion(funcionid,numerodeasiento) VALUES('25105pmAs2',968);
INSERT INTO public.butacaxfuncion(funcionid,numerodeasiento) VALUES('25105pmAs2',969);
INSERT INTO public.butacaxfuncion(funcionid,numerodeasiento) VALUES('25105pmAs2',970);
INSERT INTO public.butacaxfuncion(funcionid,numerodeasiento) VALUES('2510120pmAs2',971);
INSERT INTO public.butacaxfuncion(funcionid,numerodeasiento) VALUES('2510120pmAs2',972);
INSERT INTO public.butacaxfuncion(funcionid,numerodeasiento) VALUES('2510120pmAs2',973);
INSERT INTO public.butacaxfuncion(funcionid,numerodeasiento) VALUES('2510120pmAs2',974);
INSERT INTO public.butacaxfuncion(funcionid,numerodeasiento) VALUES('2510120pmAs2',975);
INSERT INTO public.butacaxfuncion(funcionid,numerodeasiento) VALUES('2510120pmAs2',976);
INSERT INTO public.butacaxfuncion(funcionid,numerodeasiento) VALUES('25101120amAs2',977);
INSERT INTO public.butacaxfuncion(funcionid,numerodeasiento) VALUES('25101120amAs2',978);
INSERT INTO public.butacaxfuncion(funcionid,numerodeasiento) VALUES('25101120amAs2',979);
INSERT INTO public.butacaxfuncion(funcionid,numerodeasiento) VALUES('25101120amAs2',980);
INSERT INTO public.butacaxfuncion(funcionid,numerodeasiento) VALUES('25101120amAs2',981);
INSERT INTO public.butacaxfuncion(funcionid,numerodeasiento) VALUES('25101120amAs2',982);
